country_ISO3,v2x_libdem,v2elfemrst,v2elgvsuflvl,v2fsuffrage,v2pepwrses,v2pepwrgen,v2clgencl,v2peapsgen,v2peapsgeo,v2cacamps,v2x_neopat,v2xnp_client,v2xnp_regcorr,v2x_civlib,v2x_clphy,v2x_clpol,v2x_clpriv,v2xpe_exlecon,v2xpe_exlgender,v2xpe_exlgeo,v2xpe_exlpol,v2xpe_exlsocgr,v2x_corr,v2x_gender,v2x_gencl,v2x_gencs,v2x_genpp,v2x_rule,v2smpolsoc,e_v2x_civlib_5C,e_v2x_clpol_5C,e_v2x_clpriv_5C,e_v2x_corr_5C,e_v2x_gencl_5C,e_v2x_gencs_5C,e_v2x_gender_5C,e_v2x_genpp_5C,e_v2x_libdem_5C,e_v2x_liberal_5C,e_wbgi_gee,e_wbgi_pve,e_peedgini,e_miferrat,e_pechmor,e_pematmor,e_wb_pop
MEX,0.406,,,100.0,0.83,1.068,1.134,0.179,-0.147,1.589,0.469,0.45,0.518,0.698,0.499,0.78,0.826,0.685,0.49,0.519,0.28,0.486,0.598,0.795,0.634,0.759,0.997,0.497,-1.827,0.75,0.75,1.0,0.5,0.75,0.75,0.75,1.0,0.5,0.5,-0.27,-0.791,,1.99,12.33,,125998302.0
SUR,0.641,2.0,8.0,100.0,0.617,1.664,1.494,1.31,1.381,-0.646,0.178,0.595,0.181,0.868,0.878,0.89,0.856,0.43,0.277,0.171,0.513,0.476,0.212,0.84,0.731,0.838,0.98,0.776,0.122,1.0,1.0,1.0,0.25,0.75,1.0,1.0,1.0,0.75,1.0,-0.578,0.419,,2.31,17.91,,607065.0
SWE,0.87,,,100.0,1.469,3.386,2.758,2.616,1.639,-1.924,0.013,0.051,0.005,0.963,0.99,0.966,0.943,0.032,0.023,0.067,0.016,0.02,0.008,0.934,0.943,0.877,1.0,0.994,1.049,1.0,1.0,1.0,0.0,1.0,1.0,1.0,1.0,1.0,1.0,1.67,0.997,,1.67,2.53,,10353442.0
CHE,0.856,,,100.0,1.29,2.699,2.355,2.449,2.347,-1.592,0.021,0.064,0.012,0.953,0.981,0.981,0.904,0.025,0.056,0.059,0.014,0.028,0.022,0.942,0.959,0.882,0.999,0.994,-0.744,1.0,1.0,1.0,0.0,1.0,1.0,1.0,1.0,1.0,1.0,1.973,1.176,,1.47,3.91,,8638167.0
GHA,0.606,2.0,8.0,100.0,0.663,1.082,1.91,1.684,-0.148,-0.472,0.355,0.621,0.695,0.915,0.928,0.921,0.913,0.179,0.113,0.414,0.305,0.26,0.631,0.818,0.843,0.783,0.841,0.557,-1.791,1.0,1.0,1.0,0.75,1.0,0.75,1.0,1.0,0.75,1.0,-0.197,0.17,,3.54,44.79,,32180401.0
ZAF,0.606,,,100.0,1.156,1.537,1.02,0.015,-0.641,0.356,0.216,0.308,0.393,0.829,0.824,0.879,0.806,0.473,0.364,0.49,0.339,0.49,0.404,0.831,0.743,0.762,0.998,0.729,-0.986,1.0,1.0,1.0,0.5,0.75,0.75,1.0,1.0,0.75,1.0,0.045,-0.253,,2.26,32.09,,58801927.0
JPN,0.748,,,100.0,1.396,1.028,1.295,2.801,2.958,-1.719,0.115,0.18,0.107,0.912,0.965,0.928,0.856,0.015,0.119,0.021,0.029,0.025,0.091,0.782,0.905,0.697,0.768,0.949,2.253,1.0,1.0,1.0,0.0,1.0,0.75,0.75,0.75,0.75,1.0,1.548,1.026,,1.3,2.34,,126261000.0
MMR,0.261,2.0,8.0,100.0,0.347,0.967,0.237,0.106,-1.314,0.807,0.417,0.383,0.314,0.494,0.491,0.658,0.325,0.576,0.485,0.671,0.589,0.75,0.383,0.647,0.406,0.684,0.856,0.587,-0.138,0.5,0.75,0.25,0.25,0.5,0.75,0.75,1.0,0.25,0.5,-1.014,-1.512,,2.18,43.64,,53423198.0
RUS,0.095,,,100.0,-1.039,-0.034,1.756,1.956,0.959,1.306,0.864,0.457,0.705,0.419,0.267,0.328,0.662,0.449,0.276,0.271,0.303,0.195,0.721,0.668,0.679,0.641,0.695,0.18,1.318,0.5,0.25,0.75,0.75,0.75,0.75,0.75,0.75,0.0,0.25,-0.111,-0.667,,1.51,6.52,,144073139.0
ALB,0.44,,,100.0,-0.12,1.41,1.762,1.4,1.498,-0.876,0.478,0.711,0.775,0.886,0.939,0.809,0.931,0.312,0.181,0.18,0.347,0.23,0.689,0.894,0.902,0.841,0.973,0.563,-0.204,1.0,1.0,1.0,0.75,1.0,1.0,1.0,1.0,0.5,1.0,-0.155,0.089,,1.37,8.52,,2837849.0
EGY,0.121,2.0,8.0,100.0,-0.23,-0.677,1.075,-0.508,-0.555,0.273,0.603,0.533,0.631,0.209,0.139,0.129,0.355,0.735,0.431,0.628,0.664,0.37,0.737,0.51,0.517,0.213,0.782,0.352,-1.268,0.25,0.0,0.25,0.75,0.5,0.25,0.5,0.75,0.0,0.25,-0.446,-1.182,,2.85,19.82,,107465134.0
YEM,0.034,,,0.0,-1.5,-1.832,-2.131,-2.089,-1.963,2.911,0.942,0.868,0.947,0.128,0.074,0.208,0.088,0.98,0.974,0.906,0.926,0.968,0.92,0.134,0.125,0.134,0.119,0.053,-1.82,0.0,0.25,0.0,1.0,0.0,0.0,0.0,0.0,0.0,0.0,-2.362,-2.648,,4.6,54.58,,32284046.0
COL,0.497,,,100.0,-0.809,1.085,1.361,-0.542,-0.399,1.205,0.26,0.673,0.353,0.692,0.547,0.791,0.743,0.72,0.549,0.653,0.229,0.488,0.398,0.778,0.685,0.785,0.889,0.736,-2.232,0.75,0.75,0.75,0.25,0.75,0.75,0.75,1.0,0.5,0.75,0.009,-0.701,,1.69,13.48,,50930662.0
POL,0.449,2.0,8.0,100.0,2.018,1.891,2.043,2.317,1.772,3.03,0.282,0.222,0.115,0.832,0.884,0.777,0.851,0.074,0.115,0.109,0.178,0.093,0.123,0.84,0.83,0.723,0.983,0.765,-2.613,1.0,0.75,1.0,0.0,1.0,0.75,1.0,1.0,0.5,0.75,0.324,0.492,,1.38,4.13,,37899070.0
BRA,0.54,,,100.0,-0.399,0.559,2.365,1.698,0.915,2.285,0.333,0.366,0.66,0.683,0.461,0.811,0.79,0.312,0.077,0.119,0.047,0.21,0.536,0.764,0.715,0.827,0.772,0.644,-2.443,0.75,1.0,0.75,0.5,0.75,1.0,0.75,0.75,0.5,0.75,-0.465,-0.446,,1.65,13.47,,213196304.0
USA,0.725,2.0,8.0,100.0,0.885,2.424,2.486,2.106,2.009,2.127,0.082,0.091,0.087,0.913,0.897,0.947,0.91,0.114,0.071,0.066,0.017,0.146,0.088,0.912,0.936,0.828,0.99,0.938,-1.548,1.0,1.0,1.0,0.0,1.0,1.0,1.0,1.0,0.75,1.0,1.275,-0.027,,1.62,6.62,,331511512.0
PRT,0.807,,,100.0,1.425,2.594,3.163,3.123,2.04,-2.093,0.059,0.023,0.117,0.93,0.899,0.963,0.939,0.132,0.073,0.086,0.057,0.083,0.122,0.94,0.924,0.921,0.999,0.923,1.299,1.0,1.0,1.0,0.0,1.0,1.0,1.0,1.0,1.0,1.0,0.98,1.009,,1.41,3.46,,10297081.0
SLV,0.314,,,100.0,0.533,0.086,0.314,-0.665,-0.532,0.845,0.532,0.383,0.634,0.664,0.63,0.666,0.697,0.831,0.681,0.718,0.824,0.567,0.668,0.726,0.586,0.696,0.928,0.309,-1.217,0.75,0.75,0.75,0.75,0.5,0.75,0.75,1.0,0.25,0.5,-0.261,-0.115,,1.82,12.63,,6292731.0
BGD,0.097,,,100.0,-2.578,0.335,0.27,0.06,-1.846,1.422,0.867,0.598,0.838,0.399,0.176,0.358,0.656,0.881,0.597,0.856,0.919,0.676,0.896,0.672,0.576,0.618,0.829,0.113,-2.595,0.25,0.25,0.75,1.0,0.5,0.75,0.75,1.0,0.0,0.25,-0.78,-0.916,,2.18,27.7,,167420951.0
BOL,0.23,2.0,8.0,100.0,0.966,1.746,1.638,0.746,0.038,3.391,0.631,0.387,0.683,0.716,0.83,0.676,0.65,0.241,0.303,0.274,0.556,0.359,0.652,0.76,0.564,0.725,0.999,0.387,-2.923,0.75,0.75,0.75,0.75,0.5,0.75,0.75,1.0,0.25,0.5,-0.726,-0.453,,2.65,25.44,,11936162.0
HTI,0.216,,,100.0,-0.883,-0.692,0.669,0.491,-2.232,0.309,0.817,0.821,0.9,0.638,0.632,0.685,0.62,0.921,0.596,0.881,0.433,0.734,0.848,0.363,0.396,0.371,0.31,0.147,-1.534,0.75,0.75,0.75,1.0,0.25,0.25,0.25,0.25,0.25,0.5,-2.113,-1.027,,2.8,61.56,,11306801.0
HND,0.232,,,100.0,-1.284,0.511,1.286,-0.671,-0.196,0.894,0.684,0.873,0.772,0.791,0.765,0.799,0.826,0.635,0.44,0.387,0.34,0.449,0.828,0.7,0.531,0.732,0.853,0.295,-2.246,0.75,0.75,1.0,1.0,0.5,0.75,0.75,1.0,0.25,0.5,-0.645,-0.449,,2.58,16.64,,10121763.0
MLI,0.268,2.0,8.0,0.0,0.302,1.115,1.081,-1.222,-0.852,1.121,0.592,0.481,0.758,0.76,0.754,0.798,0.742,0.66,0.639,0.691,0.565,0.53,0.809,0.717,0.669,0.661,0.843,0.395,-0.714,0.75,0.75,0.75,1.0,0.75,0.75,0.75,1.0,0.25,0.5,-1.187,-2.146,,5.85,92.36,,21224040.0
PAK,0.255,,,100.0,-1.094,0.987,0.789,-1.229,-0.929,-0.67,0.58,0.641,0.882,0.487,0.463,0.532,0.469,0.481,0.384,0.337,0.316,0.392,0.903,0.601,0.431,0.482,0.893,0.27,-0.509,0.5,0.5,0.5,1.0,0.5,0.5,0.75,1.0,0.25,0.5,-0.571,-1.793,,3.77,66.63,,227196741.0
PER,0.709,2.0,8.0,100.0,0.721,1.309,0.922,-0.206,-0.663,1.004,0.214,0.476,0.388,0.879,0.907,0.915,0.825,0.459,0.399,0.598,0.186,0.631,0.529,0.787,0.657,0.774,0.956,0.765,-0.272,1.0,1.0,1.0,0.5,0.75,0.75,0.75,1.0,0.75,1.0,-0.294,-0.358,,2.06,13.51,,33304756.0
SEN,0.574,,,100.0,0.963,1.467,1.436,0.533,0.18,-0.892,0.33,0.522,0.285,0.873,0.876,0.919,0.839,0.253,0.294,0.281,0.273,0.237,0.347,0.807,0.8,0.656,0.996,0.744,0.335,1.0,1.0,1.0,0.25,0.75,0.75,1.0,1.0,0.5,0.75,-0.061,-0.143,,4.0,40.34,,16436120.0
SSD,0.069,,,100.0,-1.281,-0.58,-1.126,-0.897,-1.858,0.636,0.904,0.887,0.909,0.179,0.154,0.182,0.196,0.954,0.796,0.926,0.818,0.946,0.93,0.462,0.096,0.47,0.81,0.078,-1.674,0.0,0.0,0.0,1.0,0.0,0.5,0.5,1.0,0.0,0.0,-2.316,-2.192,,4.16,96.28,,10606227.0
SDN,0.06,,,0.0,-1.275,-0.92,-0.134,-1.278,-1.32,0.716,0.761,0.43,0.72,0.345,0.366,0.426,0.239,0.819,0.876,0.796,0.711,0.85,0.741,0.289,0.197,0.423,0.232,0.232,-1.887,0.25,0.5,0.25,0.75,0.0,0.5,0.25,0.25,0.0,0.0,-1.54,-1.657,,4.54,57.77,,44440486.0
VNM,0.108,,,100.0,1.48,1.113,1.895,0.373,0.283,-0.794,0.673,0.147,0.373,0.407,0.625,0.12,0.468,0.291,0.295,0.375,0.435,0.342,0.488,0.693,0.513,0.627,0.95,0.319,1.992,0.5,0.0,0.5,0.5,0.5,0.75,0.75,1.0,0.0,0.25,0.194,-0.039,,1.96,20.04,,96648685.0
AFG,0.168,,,100.0,-0.959,0.341,-1.017,-1.547,-1.306,0.099,0.84,0.686,0.849,0.506,0.412,0.636,0.463,0.778,0.822,0.621,0.679,0.755,0.874,0.49,0.275,0.28,0.897,0.174,-1.343,0.5,0.75,0.5,1.0,0.25,0.25,0.5,1.0,0.0,0.25,-1.61,-2.703,,5.15,58.08,,38972230.0
ARG,0.644,,,100.0,1.948,1.676,3.554,1.307,1.206,1.88,0.333,0.458,0.521,0.886,0.9,0.914,0.86,0.346,0.082,0.186,0.085,0.124,0.48,0.839,0.773,0.761,0.997,0.623,-2.217,1.0,1.0,1.0,0.5,0.75,0.75,1.0,1.0,0.75,0.75,-0.254,-0.072,,1.6,9.4,,45376763.0
ETH,0.153,,,100.0,1.786,1.113,0.561,-0.196,-1.25,0.936,0.683,0.325,0.466,0.538,0.49,0.615,0.513,0.488,0.422,0.689,0.757,0.791,0.565,0.714,0.597,0.558,0.988,0.36,-0.973,0.5,0.75,0.5,0.5,0.5,0.5,0.75,1.0,0.0,0.25,-0.589,-1.754,,4.27,50.79,,117190911.0
IND,0.293,,,100.0,-0.115,0.869,0.79,-1.185,-0.377,1.565,0.424,0.529,0.661,0.549,0.568,0.459,0.619,0.444,0.481,0.489,0.285,0.629,0.661,0.664,0.648,0.544,0.815,0.458,-1.451,0.5,0.5,0.75,0.75,0.75,0.5,0.75,1.0,0.25,0.75,0.375,-0.841,,2.05,33.93,,1396387127.0
KEN,0.398,,,100.0,0.761,1.258,2.225,-0.325,-0.167,-0.198,0.382,0.562,0.647,0.682,0.517,0.832,0.704,0.352,0.324,0.461,0.303,0.416,0.612,0.755,0.641,0.703,0.926,0.628,-0.018,0.75,1.0,0.75,0.75,0.75,0.75,0.75,1.0,0.25,0.75,-0.399,-1.007,,3.36,38.55,,51985780.0
PRK,0.014,,,100.0,-1.386,0.08,1.531,2.164,0.225,-0.998,0.967,0.517,0.787,0.024,0.051,0.014,0.001,0.594,0.306,0.378,0.929,0.723,0.663,0.283,0.007,0.082,0.743,0.03,4.3,0.0,0.0,0.0,0.75,0.0,0.0,0.25,0.75,0.0,0.0,-1.49,-0.379,,1.82,16.69,,25867467.0
KOR,0.79,2.0,8.0,100.0,0.994,1.33,2.112,2.134,1.877,0.5,0.07,0.114,0.069,0.925,0.965,0.92,0.906,0.073,0.136,0.107,0.026,0.027,0.114,0.878,0.929,0.802,0.911,0.952,-1.507,1.0,1.0,1.0,0.0,1.0,1.0,1.0,1.0,0.75,1.0,1.37,0.609,,0.81,2.91,,51836239.0
XKX,0.489,,,100.0,-0.698,0.534,0.17,1.589,0.721,0.458,0.335,0.539,0.298,0.829,0.913,0.89,0.703,0.318,0.373,0.264,0.223,0.353,0.313,0.746,0.557,0.742,0.95,0.701,1.16,1.0,1.0,0.75,0.25,0.5,0.75,0.75,1.0,0.5,0.75,,,,,,,
LBN,0.277,,,100.0,-0.905,-0.807,1.225,0.248,0.494,1.209,0.671,0.837,0.707,0.707,0.731,0.733,0.671,0.632,0.617,0.29,0.46,0.494,0.767,0.548,0.466,0.874,0.331,0.294,-2.086,0.75,0.75,0.75,0.75,0.5,1.0,0.5,0.25,0.25,0.5,-1.205,-1.621,,2.31,7.32,,5662923.0
NGA,0.346,,,100.0,-0.583,0.777,1.046,0.286,-0.637,-0.85,0.663,0.822,0.921,0.651,0.297,0.858,0.808,0.669,0.608,0.667,0.734,0.538,0.935,0.685,0.701,0.76,0.616,0.249,-1.365,0.75,1.0,1.0,1.0,0.75,0.75,0.75,0.75,0.25,0.75,-1.144,-1.892,,4.7,113.6,,208327405.0
PHL,0.286,,,100.0,-0.777,1.254,2.011,0.159,-0.063,-0.644,0.575,0.729,0.796,0.515,0.306,0.564,0.691,0.681,0.258,0.572,0.37,0.374,0.779,0.796,0.714,0.739,0.962,0.413,-0.834,0.5,0.5,0.75,0.75,0.75,0.75,0.75,1.0,0.25,0.5,0.068,-0.779,,2.08,27.2,,112190977.0
TZA,0.336,2.0,8.0,100.0,1.418,1.537,0.945,-0.215,0.302,-0.803,0.253,0.571,0.245,0.651,0.736,0.566,0.662,0.263,0.316,0.403,0.41,0.198,0.295,0.787,0.692,0.709,0.991,0.801,0.589,0.75,0.5,0.75,0.25,0.75,0.75,0.75,1.0,0.25,0.75,-0.738,-0.481,,4.8,49.5,,61704518.0
TWN,0.72,2.0,8.0,100.0,1.109,2.488,2.834,2.477,2.357,-0.869,0.128,0.225,0.059,0.933,0.972,0.913,0.931,0.047,0.034,0.064,0.06,0.041,0.195,0.903,0.924,0.807,0.999,0.929,0.062,1.0,1.0,1.0,0.0,1.0,1.0,1.0,1.0,0.75,1.0,1.539,0.756,,0.99,4.33,,
THA,0.185,,,100.0,-0.132,2.497,2.165,-0.078,0.695,2.257,0.574,0.632,0.782,0.382,0.253,0.368,0.524,0.376,0.164,0.342,0.531,0.425,0.705,0.667,0.479,0.59,0.962,0.338,-2.425,0.25,0.25,0.5,0.75,0.5,0.5,0.75,1.0,0.0,0.5,0.202,-0.578,,1.26,8.49,,71475664.0
UGA,0.23,,,100.0,0.027,1.009,1.559,-0.512,-0.014,0.649,0.589,0.63,0.745,0.453,0.294,0.489,0.58,0.658,0.399,0.584,0.606,0.739,0.768,0.736,0.541,0.687,0.977,0.379,-0.64,0.5,0.5,0.5,0.75,0.5,0.75,0.75,1.0,0.25,0.5,-0.616,-0.811,,4.62,43.02,,44404611.0
VEN,0.058,2.0,8.0,100.0,1.172,1.885,2.625,2.255,-1.546,2.083,0.978,0.888,0.97,0.329,0.186,0.259,0.527,0.529,0.135,0.492,0.958,0.486,0.962,0.754,0.51,0.803,0.964,0.01,-1.995,0.25,0.25,0.5,1.0,0.5,1.0,0.75,1.0,0.0,0.0,-1.889,-1.552,,2.12,25.54,,28490453.0
BEN,0.283,,,100.0,0.967,1.445,2.469,0.246,0.887,-0.241,0.383,0.506,0.139,0.816,0.847,0.702,0.915,0.513,0.194,0.402,0.296,0.232,0.183,0.828,0.888,0.82,0.81,0.776,0.461,1.0,0.75,1.0,0.0,1.0,1.0,1.0,1.0,0.25,0.5,-0.291,-0.443,,4.8,88.76,,12643123.0
BTN,0.518,,,100.0,1.616,0.993,1.928,1.501,1.787,-1.177,0.097,0.215,0.052,0.764,0.883,0.717,0.703,0.161,0.191,0.194,0.124,0.146,0.108,0.789,0.826,0.724,0.836,0.917,2.039,0.75,0.75,0.75,0.0,1.0,0.75,0.75,1.0,0.5,1.0,0.3,1.013,,1.5,27.36,,772506.0
BFA,0.487,2.0,8.0,100.0,1.237,-0.324,1.852,0.252,1.262,-1.067,0.405,0.617,0.484,0.821,0.839,0.882,0.755,0.239,0.322,0.257,0.137,0.161,0.453,0.635,0.692,0.775,0.453,0.707,0.155,1.0,1.0,0.75,0.5,0.75,0.75,0.75,0.5,0.5,0.75,-0.708,-1.538,,4.44,71.52,,21522626.0
KHM,0.065,,,100.0,-1.09,0.536,0.667,-0.356,-0.276,0.538,0.927,0.772,0.927,0.353,0.411,0.208,0.43,0.825,0.568,0.636,0.736,0.674,0.895,0.589,0.38,0.518,0.862,0.069,-0.591,0.25,0.25,0.5,1.0,0.25,0.5,0.5,1.0,0.0,0.0,-0.452,-0.209,,2.7,25.94,,16396860.0
IDN,0.415,,,100.0,-0.022,0.902,1.623,-0.026,1.125,0.629,0.447,0.661,0.743,0.702,0.708,0.685,0.72,0.614,0.368,0.32,0.424,0.565,0.765,0.707,0.668,0.571,0.893,0.466,-0.206,0.75,0.75,0.75,0.75,0.75,0.5,0.75,1.0,0.5,0.75,0.317,-0.462,,2.19,23.32,,271857970.0
MOZ,0.229,,,100.0,1.061,0.988,1.605,-0.815,-0.68,-0.892,0.571,0.607,0.575,0.616,0.486,0.666,0.702,0.589,0.334,0.665,0.609,0.504,0.548,0.752,0.52,0.758,0.991,0.415,-0.585,0.75,0.75,0.75,0.5,0.5,0.75,0.75,1.0,0.25,0.5,-0.77,-1.282,,4.96,68.1,,31178239.0
NPL,0.478,,,100.0,1.118,1.114,1.483,-0.808,-0.948,1.102,0.377,0.405,0.634,0.765,0.739,0.844,0.723,0.282,0.292,0.553,0.239,0.362,0.667,0.764,0.59,0.728,0.974,0.57,-1.692,0.75,1.0,0.75,0.75,0.5,0.75,0.75,1.0,0.5,0.75,-0.986,-0.18,,2.05,29.79,,29348627.0
NIC,0.045,,,100.0,-0.875,0.626,-0.123,-0.833,-0.415,2.095,0.981,0.714,0.938,0.229,0.121,0.158,0.391,0.626,0.62,0.637,0.866,0.787,0.938,0.633,0.406,0.481,0.994,0.018,-1.841,0.25,0.0,0.25,1.0,0.5,0.5,0.75,1.0,0.0,0.0,-0.679,-0.586,,2.3,17.34,,6755895.0
NER,0.404,2.0,8.0,100.0,0.812,1.277,1.439,-0.323,-1.258,-0.976,0.46,0.604,0.509,0.774,0.835,0.831,0.67,0.331,0.306,0.578,0.324,0.289,0.57,0.73,0.636,0.615,0.953,0.562,-0.357,0.75,1.0,0.75,0.5,0.75,0.75,0.75,1.0,0.5,0.75,-0.661,-1.667,,6.37,77.7,,24333639.0
ZMB,0.293,,,100.0,0.645,0.777,1.926,-0.581,-0.714,0.458,0.419,0.585,0.438,0.715,0.74,0.629,0.779,0.521,0.363,0.574,0.685,0.672,0.44,0.768,0.653,0.841,0.832,0.449,-1.69,0.75,0.75,0.75,0.5,0.75,1.0,0.75,1.0,0.25,0.75,-0.825,-0.131,,4.32,54.5,,18927715.0
ZWE,0.192,,,100.0,-0.99,0.869,0.514,-0.782,-0.883,2.499,0.755,0.68,0.783,0.416,0.117,0.407,0.727,0.392,0.372,0.55,0.802,0.583,0.795,0.806,0.761,0.704,0.962,0.233,-2.001,0.5,0.5,0.75,0.75,0.75,0.75,1.0,1.0,0.0,0.5,-1.356,-1.053,,3.75,43.06,,15669666.0
GIN,0.109,2.0,8.0,100.0,0.131,0.407,-0.145,-0.882,-0.781,2.401,0.851,0.663,0.863,0.351,0.287,0.426,0.338,0.675,0.772,0.648,0.78,0.685,0.853,0.472,0.206,0.419,0.779,0.126,-1.026,0.25,0.5,0.25,1.0,0.25,0.5,0.5,0.75,0.0,0.25,-0.97,-0.669,,4.49,94.26,,13205153.0
CIV,0.265,2.0,8.0,100.0,0.502,0.492,1.368,0.101,-0.638,1.327,0.665,0.537,0.647,0.714,0.66,0.743,0.753,0.462,0.294,0.572,0.357,0.364,0.598,0.617,0.652,0.514,0.708,0.411,-1.639,0.75,0.75,0.75,0.5,0.75,0.5,0.75,0.75,0.25,0.5,-0.54,-1.033,,4.46,77.06,,26811790.0
MRT,0.207,,,100.0,-1.865,0.281,-0.018,0.794,-0.768,-1.285,0.783,0.689,0.793,0.631,0.695,0.628,0.575,0.866,0.698,0.824,0.86,0.867,0.841,0.66,0.612,0.574,0.813,0.237,-1.004,0.75,0.75,0.5,1.0,0.75,0.5,0.75,1.0,0.25,0.5,-0.839,-0.701,,4.91,72.14,,4498604.0
CAN,0.75,,,100.0,1.419,2.967,2.243,2.428,1.849,-0.819,0.067,0.069,0.033,0.931,0.966,0.946,0.891,0.136,0.07,0.084,0.058,0.063,0.029,0.876,0.828,0.835,0.996,0.965,1.174,1.0,1.0,1.0,0.0,1.0,1.0,1.0,1.0,0.75,1.0,1.599,1.013,,1.41,4.89,,38007166.0
AUS,0.797,,,100.0,0.878,2.106,3.427,2.188,2.426,-1.098,0.019,0.073,0.044,0.923,0.949,0.933,0.898,0.023,0.036,0.039,0.012,0.04,0.032,0.92,0.905,0.892,0.99,0.989,0.558,1.0,1.0,1.0,0.0,1.0,1.0,1.0,1.0,0.75,1.0,1.574,0.862,,1.59,3.5,,25655289.0
BWA,0.482,,,100.0,0.454,0.087,1.545,1.76,1.222,-1.566,0.204,0.271,0.127,0.875,0.913,0.873,0.859,0.161,0.17,0.148,0.154,0.102,0.096,0.742,0.84,0.783,0.624,0.899,1.692,1.0,1.0,1.0,0.0,1.0,0.75,0.75,0.75,0.5,1.0,0.168,1.013,,2.86,34.8,,2546402.0
BDI,0.051,2.0,8.0,100.0,0.653,0.784,1.104,1.947,-0.785,2.824,0.949,0.902,0.849,0.174,0.027,0.117,0.361,0.842,0.303,0.607,0.89,0.766,0.891,0.62,0.286,0.589,0.98,0.073,-1.254,0.0,0.0,0.25,1.0,0.25,0.5,0.75,1.0,0.0,0.0,-1.302,-1.542,,5.18,55.11,,12220227.0
CPV,0.698,,,100.0,0.821,0.78,1.891,1.36,-0.364,-0.876,0.132,0.29,0.23,0.92,0.941,0.927,0.911,0.352,0.236,0.385,0.401,0.318,0.262,0.816,0.842,0.695,0.926,0.84,0.516,1.0,1.0,1.0,0.25,1.0,0.75,1.0,1.0,0.75,1.0,0.197,0.874,,1.59,18.09,,582640.0
CAF,0.201,2.0,8.0,100.0,0.815,1.049,0.369,-1.362,-1.545,1.051,0.705,0.749,0.733,0.496,0.401,0.628,0.455,0.901,0.607,0.837,0.768,0.908,0.826,0.574,0.419,0.539,0.75,0.17,-0.618,0.5,0.75,0.5,1.0,0.5,0.5,0.5,0.75,0.25,0.5,-1.729,-2.236,,6.06,110.05,,5343020.0
CHL,0.765,,,100.0,0.998,1.387,1.361,0.809,1.853,0.233,0.04,0.088,0.038,0.879,0.831,0.929,0.892,0.399,0.288,0.153,0.05,0.189,0.056,0.87,0.845,0.856,0.941,0.945,-1.582,1.0,1.0,1.0,0.0,1.0,1.0,1.0,1.0,0.75,1.0,0.705,0.044,,1.31,6.86,,19300315.0
CRI,0.848,,,100.0,0.551,2.868,2.734,2.033,1.415,-1.381,0.067,0.131,0.181,0.941,0.965,0.959,0.914,0.097,0.094,0.125,0.046,0.048,0.19,0.914,0.935,0.825,1.0,0.942,0.696,1.0,1.0,1.0,0.0,1.0,1.0,1.0,1.0,1.0,1.0,0.197,0.747,,1.45,8.19,,5123105.0
TLS,0.49,,,100.0,0.538,0.615,0.987,0.845,-0.828,-0.069,0.325,0.334,0.297,0.815,0.936,0.829,0.693,0.656,0.51,0.704,0.368,0.423,0.298,0.76,0.566,0.742,0.976,0.697,-0.179,1.0,1.0,0.75,0.25,0.5,0.75,0.75,1.0,0.5,0.75,-0.755,0.197,,3.01,42.69,,1299995.0
ECU,0.473,,,100.0,1.11,0.996,2.267,-0.186,0.436,1.649,0.444,0.549,0.551,0.905,0.96,0.855,0.915,0.449,0.29,0.459,0.18,0.35,0.638,0.862,0.811,0.807,0.987,0.523,-1.155,1.0,1.0,1.0,0.75,1.0,1.0,1.0,1.0,0.5,0.75,-0.47,-0.27,,1.97,13.5,,17588595.0
FRA,0.789,,,100.0,1.387,2.646,3.375,2.098,2.26,0.293,0.071,0.066,0.085,0.915,0.936,0.946,0.882,0.099,0.061,0.056,0.054,0.104,0.058,0.931,0.902,0.911,0.999,0.957,-0.75,1.0,1.0,1.0,0.0,1.0,1.0,1.0,1.0,0.75,1.0,1.205,0.281,,1.79,3.83,,67571107.0
DEU,0.824,,,100.0,1.566,2.891,2.854,2.723,2.145,-0.918,0.025,0.052,0.013,0.955,0.975,0.95,0.951,0.029,0.044,0.048,0.018,0.022,0.016,0.953,0.973,0.9,0.997,0.991,0.136,1.0,1.0,1.0,0.0,1.0,1.0,1.0,1.0,1.0,1.0,1.314,0.645,,1.53,3.24,,83160871.0
GTM,0.406,,,100.0,0.15,0.998,0.8,-0.645,-0.993,0.04,0.553,0.772,0.813,0.737,0.705,0.796,0.721,0.821,0.624,0.664,0.374,0.746,0.757,0.698,0.454,0.758,0.886,0.376,-1.329,0.75,0.75,0.75,0.75,0.5,0.75,0.75,1.0,0.5,0.75,-0.713,-0.416,,2.47,24.26,,16858333.0
IRN,0.113,2.0,8.0,100.0,0.436,-0.949,-0.321,-1.287,0.145,1.398,0.798,0.427,0.728,0.234,0.224,0.143,0.338,0.505,0.863,0.431,0.905,0.762,0.778,0.333,0.411,0.263,0.314,0.233,-1.356,0.25,0.0,0.25,0.75,0.5,0.25,0.25,0.25,0.0,0.25,-1.017,-1.699,,1.7,13.38,,87290193.0
IRQ,0.233,,,100.0,0.1,-0.537,-0.642,-0.334,-0.803,1.411,0.708,0.84,0.884,0.405,0.188,0.475,0.548,0.822,0.88,0.699,0.839,0.865,0.874,0.52,0.311,0.464,0.787,0.211,-2.48,0.5,0.5,0.5,1.0,0.25,0.5,0.5,0.75,0.25,0.5,-1.303,-2.475,,3.42,25.11,,42556984.0
IRL,0.827,2.0,8.0,100.0,1.411,1.712,2.269,2.547,1.881,-2.496,0.049,0.15,0.023,0.958,0.975,0.974,0.936,0.067,0.069,0.089,0.038,0.047,0.032,0.925,0.947,0.891,0.957,0.982,0.279,1.0,1.0,1.0,0.0,1.0,1.0,1.0,1.0,1.0,1.0,1.436,0.965,,1.65,3.19,,4985382.0
ITA,0.78,,,100.0,1.71,2.376,3.472,3.089,2.022,0.501,0.11,0.139,0.098,0.91,0.928,0.958,0.857,0.056,0.048,0.043,0.027,0.042,0.181,0.92,0.895,0.889,0.997,0.895,-0.658,1.0,1.0,1.0,0.0,1.0,1.0,1.0,1.0,0.75,1.0,0.361,0.399,,1.24,2.83,,59438851.0
JOR,0.241,2.0,8.0,100.0,0.569,-0.499,1.462,1.404,0.137,-0.622,0.396,0.525,0.381,0.648,0.747,0.521,0.683,0.354,0.315,0.355,0.356,0.489,0.496,0.626,0.725,0.676,0.521,0.659,0.131,0.75,0.5,0.75,0.5,0.75,0.75,0.75,0.5,0.25,0.75,0.095,-0.268,,2.79,15.29,,10928721.0
LVA,0.739,,,100.0,1.132,2.25,2.575,2.934,2.53,-2.478,0.06,0.153,0.044,0.948,0.963,0.954,0.939,0.03,0.03,0.048,0.032,0.053,0.1,0.951,0.944,0.938,0.99,0.956,0.536,1.0,1.0,1.0,0.0,1.0,1.0,1.0,1.0,0.75,1.0,0.838,0.462,,1.55,3.64,,1900449.0
LSO,0.509,,,100.0,0.985,1.704,1.006,-0.857,-0.57,0.057,0.299,0.57,0.383,0.808,0.73,0.847,0.864,0.31,0.372,0.516,0.502,0.253,0.477,0.789,0.802,0.644,0.961,0.661,-0.769,1.0,1.0,1.0,0.5,1.0,0.75,0.75,1.0,0.5,0.75,-0.979,-0.254,,2.85,75.69,,2254100.0
LBR,0.419,,,100.0,1.123,2.04,0.458,-0.342,-1.002,-0.206,0.641,0.761,0.836,0.849,0.831,0.889,0.843,0.687,0.576,0.832,0.723,0.662,0.86,0.818,0.71,0.865,0.904,0.322,1.472,1.0,1.0,1.0,1.0,0.75,1.0,1.0,1.0,0.5,0.75,-1.46,-0.314,,4.17,67.14,,5087584.0
MWI,0.463,2.0,8.0,100.0,-0.477,1.071,-0.223,-0.981,-1.136,-0.738,0.374,0.621,0.592,0.867,0.929,0.823,0.867,0.599,0.469,0.659,0.411,0.49,0.654,0.809,0.819,0.711,0.922,0.642,1.445,1.0,1.0,1.0,0.75,1.0,0.75,1.0,1.0,0.5,1.0,-0.818,-0.119,,3.88,45.07,,19377061.0
MDV,0.425,,,100.0,0.629,0.418,1.176,0.433,0.976,0.538,0.348,0.395,0.396,0.736,0.859,0.795,0.565,0.227,0.421,0.381,0.298,0.195,0.478,0.589,0.549,0.656,0.564,0.663,0.892,0.75,0.75,0.5,0.5,0.5,0.75,0.5,0.5,0.5,0.75,-0.131,0.363,,1.61,7.87,,514438.0
MNG,0.519,2.0,8.0,100.0,0.525,1.107,1.757,0.757,0.632,0.047,0.344,0.483,0.646,0.865,0.925,0.879,0.805,0.353,0.224,0.304,0.207,0.231,0.692,0.853,0.817,0.884,0.875,0.577,0.805,1.0,1.0,1.0,0.75,1.0,1.0,1.0,1.0,0.5,1.0,-0.42,0.718,,2.95,15.06,,3294335.0
MAR,0.232,,,100.0,-0.295,0.725,0.647,0.23,0.235,-0.714,0.488,0.545,0.545,0.612,0.755,0.523,0.555,0.405,0.413,0.346,0.29,0.36,0.646,0.745,0.651,0.731,0.87,0.476,1.075,0.75,0.5,0.5,0.75,0.75,0.75,0.75,1.0,0.25,0.75,-0.189,-0.36,,2.32,20.61,,36688772.0
NLD,0.806,,,100.0,1.938,2.283,3.047,2.535,2.436,-1.149,0.018,0.02,0.015,0.931,0.977,0.923,0.906,0.019,0.043,0.042,0.016,0.025,0.021,0.889,0.935,0.761,0.995,0.984,0.082,1.0,1.0,1.0,0.0,1.0,0.75,1.0,1.0,1.0,1.0,1.806,0.831,,1.55,3.53,,17441500.0
PAN,0.55,,,100.0,-0.509,0.924,2.37,1.336,1.007,-0.953,0.415,0.661,0.494,0.87,0.913,0.863,0.84,0.459,0.249,0.321,0.204,0.384,0.508,0.805,0.804,0.723,0.909,0.625,0.88,1.0,1.0,1.0,0.5,1.0,0.75,1.0,1.0,0.5,0.75,0.165,0.235,,2.18,14.62,,4294396.0
PNG,0.353,,,100.0,0.772,-1.17,-0.879,-0.892,-2.557,-1.279,0.472,0.827,0.794,0.822,0.802,0.861,0.814,0.705,0.826,0.945,0.07,0.296,0.681,0.444,0.612,0.533,0.192,0.5,0.867,1.0,1.0,1.0,0.75,0.75,0.5,0.5,0.0,0.25,0.75,-0.828,-0.654,,3.27,45.16,,9749640.0
QAT,0.087,,,0.0,-2.284,-0.976,-0.744,1.213,2.259,-2.303,0.758,0.847,0.382,0.428,0.859,0.115,0.309,0.426,0.58,0.169,0.384,0.7,0.369,0.339,0.284,0.339,0.393,0.537,3.747,0.5,0.0,0.25,0.25,0.25,0.25,0.25,0.25,0.0,0.25,0.867,0.67,,1.68,6.49,,2760385.0
SLE,0.419,,,100.0,0.223,1.175,1.786,-0.387,-0.542,-0.307,0.447,0.602,0.587,0.801,0.777,0.842,0.793,0.398,0.337,0.574,0.588,0.33,0.65,0.776,0.679,0.859,0.825,0.599,0.769,1.0,1.0,0.75,0.75,0.75,1.0,0.75,1.0,0.5,0.75,-1.063,-0.302,,4.08,99.03,,8233970.0
ESP,0.788,,,100.0,1.292,2.1,2.594,2.817,1.161,-0.372,0.037,0.074,0.022,0.942,0.977,0.941,0.918,0.054,0.042,0.075,0.022,0.032,0.034,0.943,0.948,0.902,0.999,0.984,-2.196,1.0,1.0,1.0,0.0,1.0,1.0,1.0,1.0,0.75,1.0,0.854,0.411,,1.19,2.84,,47365655.0
SYR,0.033,2.0,8.0,45.0,-1.952,-1.904,0.64,-1.057,-0.142,2.986,0.955,0.79,0.912,0.07,0.022,0.045,0.136,0.642,0.688,0.594,0.873,0.924,0.919,0.296,0.192,0.427,0.254,0.046,-1.547,0.0,0.0,0.0,1.0,0.0,0.5,0.25,0.25,0.0,0.0,-1.754,-2.712,,2.84,14.78,,20772595.0
TUN,0.618,,,100.0,1.971,1.528,1.942,0.34,0.143,0.692,0.121,0.234,0.226,0.791,0.755,0.831,0.795,0.186,0.232,0.329,0.158,0.275,0.372,0.863,0.859,0.798,0.966,0.821,-0.341,0.75,1.0,0.75,0.25,1.0,0.75,1.0,1.0,0.75,1.0,-0.189,-0.594,,2.0,15.94,,12161723.0
TUR,0.117,,,100.0,0.581,0.631,1.089,-0.036,0.534,3.463,0.876,0.592,0.886,0.372,0.4,0.263,0.444,0.347,0.541,0.294,0.79,0.781,0.854,0.63,0.577,0.507,0.822,0.134,-2.697,0.25,0.25,0.5,1.0,0.5,0.5,0.75,1.0,0.0,0.25,-0.159,-1.144,,1.77,9.73,,84135428.0
UKR,0.323,,,88.0,-0.912,2.035,2.684,1.816,0.423,1.34,0.643,0.379,0.61,0.753,0.721,0.76,0.795,0.385,0.086,0.182,0.261,0.276,0.687,0.872,0.809,0.867,0.963,0.331,-0.416,0.75,0.75,0.75,0.75,1.0,1.0,1.0,1.0,0.25,0.5,-0.41,-1.164,,1.21,8.18,,44132049.0
GBR,0.8,,,100.0,0.714,1.983,2.052,1.406,1.791,-0.075,0.063,0.129,0.054,0.897,0.924,0.951,0.826,0.205,0.168,0.112,0.092,0.125,0.043,0.913,0.877,0.898,0.993,0.968,-0.742,1.0,1.0,1.0,0.0,1.0,1.0,1.0,1.0,1.0,1.0,1.333,0.481,,1.57,4.21,,67081234.0
URY,0.81,,,100.0,1.368,1.465,1.957,1.933,1.828,-1.991,0.042,0.099,0.046,0.949,0.98,0.965,0.915,0.075,0.117,0.066,0.023,0.042,0.056,0.9,0.896,0.876,0.955,0.96,0.574,1.0,1.0,1.0,0.0,1.0,1.0,1.0,1.0,1.0,1.0,0.73,1.055,,1.5,7.2,,3429086.0
DZA,0.146,,,100.0,1.213,0.486,1.32,1.367,0.126,-0.863,0.823,0.736,0.652,0.553,0.622,0.426,0.615,0.319,0.312,0.478,0.488,0.337,0.68,0.758,0.714,0.693,0.9,0.248,-0.563,0.5,0.5,0.75,0.75,0.75,0.75,0.75,1.0,0.0,0.25,-0.573,-0.848,,2.94,22.18,,43451666.0
AGO,0.16,,,100.0,-0.087,1.136,0.793,-0.128,-0.766,-0.712,0.77,0.686,0.54,0.606,0.624,0.57,0.625,0.825,0.47,0.781,0.618,0.686,0.623,0.727,0.557,0.679,0.964,0.337,0.543,0.75,0.5,0.75,0.75,0.5,0.75,0.75,1.0,0.0,0.25,-1.258,-0.601,,5.37,72.29,,33428486.0
ARM,0.584,,,100.0,0.767,0.441,1.691,1.337,0.173,1.439,0.351,0.226,0.295,0.901,0.927,0.889,0.897,0.267,0.301,0.27,0.158,0.042,0.303,0.886,0.891,0.934,0.864,0.702,-0.794,1.0,1.0,1.0,0.25,1.0,1.0,1.0,1.0,0.5,0.75,-0.305,-0.772,,1.62,11.74,,2805608.0
AZE,0.065,2.0,8.0,100.0,-1.685,0.385,1.631,0.924,0.897,0.947,0.973,0.899,0.938,0.405,0.466,0.255,0.494,0.578,0.37,0.589,0.889,0.603,0.935,0.633,0.547,0.585,0.788,0.04,-0.888,0.5,0.25,0.5,1.0,0.5,0.5,0.75,0.75,0.0,0.0,-0.156,-0.852,,1.76,20.13,,10093121.0
BLR,0.046,2.0,8.0,100.0,1.673,0.859,2.909,2.641,1.795,3.191,0.912,0.131,0.561,0.227,0.085,0.185,0.395,0.084,0.09,0.078,0.591,0.159,0.371,0.767,0.544,0.775,0.986,0.136,-2.433,0.25,0.0,0.25,0.25,0.5,0.75,0.75,1.0,0.0,0.0,-0.83,-0.888,,1.37,3.26,,9379952.0
CMR,0.128,2.0,8.0,100.0,-0.648,1.19,1.792,0.952,-1.106,2.472,0.933,0.864,0.957,0.566,0.459,0.513,0.735,0.881,0.364,0.871,0.775,0.72,0.946,0.77,0.712,0.634,0.979,0.089,-2.569,0.5,0.5,0.75,1.0,0.75,0.75,0.75,1.0,0.0,0.25,-0.931,-1.514,,4.56,72.03,,26491087.0
TCD,0.089,,,100.0,-1.221,0.325,-0.033,-1.213,-2.126,1.819,0.929,0.897,0.928,0.354,0.149,0.416,0.502,0.902,0.739,0.79,0.76,0.725,0.938,0.572,0.427,0.543,0.746,0.053,-1.26,0.25,0.5,0.5,1.0,0.5,0.5,0.5,0.75,0.0,0.0,-1.511,-1.255,,6.35,114.49,,16644701.0
CHN,0.041,,,100.0,-0.096,0.396,1.212,1.147,0.754,-0.976,0.829,0.228,0.493,0.195,0.397,0.057,0.122,0.485,0.393,0.481,0.66,0.502,0.457,0.618,0.323,0.65,0.882,0.241,2.228,0.0,0.0,0.0,0.5,0.25,0.75,0.75,1.0,0.0,0.0,0.644,-0.473,,1.24,8.09,,1411100000.0
COD,0.155,,,0.0,-0.599,0.984,1.211,-0.292,-1.133,1.361,0.828,0.752,0.889,0.515,0.477,0.629,0.446,0.871,0.607,0.873,0.784,0.778,0.912,0.561,0.307,0.573,0.806,0.145,-0.614,0.5,0.75,0.5,1.0,0.25,0.5,0.5,1.0,0.0,0.25,-1.745,-1.785,,6.21,84.53,,92853164.0
COG,0.121,,,100.0,-0.237,-0.677,1.009,0.286,-1.318,0.286,0.848,0.89,0.821,0.345,0.227,0.342,0.455,0.867,0.514,0.803,0.891,0.869,0.806,0.411,0.379,0.36,0.481,0.19,0.3,0.25,0.25,0.5,1.0,0.25,0.25,0.5,0.5,0.0,0.25,-1.254,-0.213,,4.33,47.48,,5702174.0
DJI,0.122,,,100.0,-0.451,2.046,-1.081,-1.288,-0.646,0.069,0.784,0.694,0.688,0.416,0.415,0.416,0.394,0.748,0.811,0.788,0.719,0.767,0.653,0.589,0.44,0.349,0.981,0.326,0.825,0.5,0.5,0.25,0.75,0.5,0.25,0.5,1.0,0.0,0.25,-0.761,-0.448,,2.75,52.9,,1090156.0
DOM,0.4,2.0,16.0,100.0,0.262,0.719,1.494,0.11,-0.81,-0.858,0.557,0.815,0.57,0.884,0.869,0.925,0.874,0.617,0.448,0.694,0.653,0.482,0.616,0.843,0.769,0.854,0.934,0.561,-0.234,1.0,1.0,1.0,0.75,0.75,1.0,1.0,1.0,0.5,0.5,-0.281,0.165,,2.33,27.67,,10999664.0
ERI,0.01,,,0.0,1.254,-0.622,0.904,0.198,-1.494,1.914,0.939,0.789,0.661,0.054,0.113,0.029,0.011,0.639,0.61,0.678,0.94,0.86,0.663,0.159,0.052,0.122,0.279,0.088,-0.863,0.0,0.0,0.0,0.75,0.0,0.0,0.0,0.25,0.0,0.0,-1.643,-0.993,,3.93,37.75,,3555868.0
GAB,0.201,,,100.0,0.637,1.608,1.695,0.154,0.065,-0.533,0.82,0.526,0.795,0.807,0.925,0.736,0.777,0.572,0.429,0.556,0.596,0.468,0.821,0.756,0.727,0.662,0.911,0.342,-0.405,1.0,0.75,0.75,1.0,0.75,0.75,0.75,1.0,0.25,0.5,-0.993,-0.066,,3.83,42.36,,2292573.0
GMB,0.405,,,100.0,0.53,1.156,1.469,-0.086,-0.16,-1.128,0.271,0.467,0.4,0.84,0.852,0.816,0.878,0.346,0.316,0.387,0.296,0.228,0.325,0.79,0.849,0.775,0.77,0.741,1.85,1.0,1.0,1.0,0.25,1.0,0.75,0.75,0.75,0.5,0.75,-0.787,0.248,,4.25,55.1,,2573995.0
GEO,0.471,2.0,8.0,100.0,0.707,2.024,2.148,2.316,1.444,1.419,0.27,0.346,0.159,0.903,0.931,0.903,0.892,0.164,0.076,0.188,0.15,0.134,0.127,0.891,0.825,0.917,0.963,0.772,-1.183,1.0,1.0,1.0,0.0,1.0,1.0,1.0,1.0,0.5,0.75,0.717,-0.43,,1.98,9.02,,3722716.0
GNB,0.338,,,100.0,-0.23,0.458,1.27,-0.203,-0.847,-0.68,0.617,0.608,0.797,0.799,0.871,0.714,0.832,0.611,0.492,0.571,0.507,0.637,0.834,0.689,0.703,0.643,0.74,0.269,-0.558,0.75,0.75,1.0,1.0,0.75,0.75,0.75,0.75,0.25,0.5,-1.465,-0.722,,4.08,77.08,,2015828.0
JAM,0.705,2.0,8.0,100.0,1.032,2.771,2.95,2.613,1.896,-1.075,0.167,0.512,0.238,0.908,0.887,0.942,0.909,0.187,0.068,0.074,0.122,0.122,0.164,0.921,0.889,0.906,0.995,0.882,0.705,1.0,1.0,1.0,0.0,1.0,1.0,1.0,1.0,0.75,1.0,0.529,0.259,,1.38,13.79,,2820436.0
KAZ,0.118,,,100.0,-0.294,1.093,1.964,1.47,0.761,0.25,0.865,0.647,0.851,0.511,0.558,0.358,0.622,0.386,0.273,0.25,0.214,0.432,0.835,0.759,0.72,0.625,0.95,0.21,0.848,0.5,0.25,0.75,1.0,0.75,0.75,0.75,1.0,0.0,0.25,0.106,-0.258,,3.13,8.86,,18755666.0
KGZ,0.252,2.0,8.0,100.0,0.223,0.528,1.371,1.482,0.499,1.214,0.713,0.75,0.787,0.651,0.609,0.662,0.689,0.447,0.345,0.279,0.304,0.374,0.813,0.745,0.677,0.759,0.804,0.375,-2.113,0.75,0.75,0.75,1.0,0.75,0.75,0.75,1.0,0.25,0.5,-0.577,-0.456,,3.05,17.82,,6579900.0
LAO,0.079,,,100.0,-0.001,0.965,1.843,1.072,-0.001,-0.915,0.688,0.273,0.678,0.139,0.162,0.061,0.183,0.499,0.274,0.423,0.366,0.496,0.741,0.488,0.188,0.321,0.946,0.301,2.303,0.0,0.0,0.0,0.75,0.0,0.25,0.5,1.0,0.0,0.25,-0.738,0.694,,2.54,43.9,,7319399.0
LBY,0.144,,,0.0,1.437,-0.645,0.132,-0.469,0.092,3.041,0.637,0.441,0.713,0.317,0.114,0.561,0.279,0.457,0.688,0.526,0.626,0.665,0.808,0.367,0.237,0.26,0.583,0.13,-1.281,0.25,0.5,0.25,1.0,0.25,0.25,0.25,0.5,0.0,0.25,-1.859,-2.462,,2.51,11.23,,6653942.0
MDG,0.26,,,100.0,-0.562,0.744,1.449,-1.306,-1.844,1.232,0.79,0.801,0.764,0.745,0.691,0.815,0.739,0.895,0.528,0.838,0.592,0.77,0.827,0.743,0.647,0.767,0.843,0.25,-0.753,0.75,1.0,0.75,1.0,0.75,0.75,0.75,1.0,0.25,0.5,-1.053,-0.509,,4.17,48.71,,28225177.0
MDA,0.526,2.0,8.0,100.0,0.473,1.709,2.32,2.401,0.763,-0.2,0.307,0.392,0.544,0.827,0.829,0.87,0.794,0.228,0.123,0.236,0.198,0.193,0.545,0.876,0.811,0.872,0.967,0.633,0.244,1.0,1.0,0.75,0.5,1.0,1.0,1.0,1.0,0.5,0.75,-0.545,-0.34,,1.77,14.88,,2635130.0
NAM,0.516,,,100.0,0.729,0.657,1.246,0.267,0.003,0.144,0.279,0.314,0.335,0.872,0.903,0.871,0.855,0.502,0.32,0.483,0.414,0.412,0.285,0.85,0.754,0.829,0.989,0.787,0.491,1.0,1.0,1.0,0.25,0.75,1.0,1.0,1.0,0.5,1.0,0.042,0.512,,3.35,36.81,,2489098.0
PSE,0.146,,,37.0,-0.128,-0.127,0.356,0.071,0.507,-0.71,0.537,0.218,0.526,0.636,0.739,0.606,0.567,0.436,0.504,0.297,0.63,0.55,0.404,0.585,0.709,0.693,0.365,0.524,-1.665,0.75,0.75,0.5,0.5,0.75,0.75,0.5,0.25,0.0,0.25,,,,3.51,19.42,,
RWA,0.116,,,100.0,-0.389,1.866,2.548,0.227,-1.174,0.798,0.62,0.182,0.348,0.267,0.111,0.257,0.421,0.806,0.135,0.833,0.841,0.7,0.377,0.782,0.714,0.65,1.0,0.486,2.977,0.25,0.25,0.5,0.25,0.75,0.75,0.75,1.0,0.0,0.25,0.274,0.069,,3.91,32.03,,13146362.0
SOM,0.105,,,0.0,-0.62,-0.668,-1.647,-1.561,-2.207,1.647,0.848,0.84,0.897,0.302,0.232,0.457,0.202,0.917,0.96,0.897,0.645,0.744,0.922,0.369,0.131,0.23,0.733,0.096,-0.96,0.25,0.5,0.25,1.0,0.0,0.25,0.25,0.75,0.0,0.25,-2.131,-2.581,,6.45,116.52,,16537016.0
LKA,0.368,2.0,8.0,100.0,0.231,0.815,1.702,0.156,0.515,0.58,0.523,0.4,0.742,0.671,0.566,0.685,0.767,0.566,0.231,0.406,0.63,0.648,0.61,0.717,0.75,0.784,0.659,0.448,-0.045,0.75,0.75,0.75,0.75,0.75,0.75,0.75,0.75,0.25,0.5,-0.079,-0.089,,2.01,6.97,,21919000.0
SWZ,0.111,,,100.0,0.304,-0.262,0.057,-0.164,0.308,1.36,0.655,0.535,0.481,0.316,0.407,0.123,0.402,0.491,0.414,0.414,0.788,0.378,0.495,0.327,0.19,0.241,0.53,0.3,-0.895,0.25,0.0,0.5,0.5,0.0,0.25,0.25,0.5,0.0,0.25,-0.753,-0.041,,2.89,50.85,,1180655.0
TJK,0.043,2.0,8.0,100.0,-1.668,-1.361,-1.388,-1.528,-1.228,-1.166,0.955,0.701,0.872,0.216,0.173,0.124,0.337,0.942,0.895,0.868,0.851,0.891,0.837,0.424,0.347,0.346,0.597,0.065,1.689,0.25,0.0,0.25,1.0,0.25,0.25,0.5,0.5,0.0,0.0,-0.76,-0.5,,3.21,32.46,,9543207.0
TGO,0.243,2.0,8.0,100.0,1.027,2.68,1.199,0.973,-0.097,1.707,0.763,0.58,0.771,0.733,0.721,0.697,0.795,0.481,0.267,0.452,0.612,0.404,0.729,0.778,0.713,0.672,0.978,0.289,-0.649,0.75,0.75,0.75,0.75,0.75,0.75,0.75,1.0,0.25,0.5,-0.731,-0.891,,4.39,66.2,,8442580.0
TTO,0.632,2.0,8.0,100.0,0.945,1.552,2.185,2.527,1.749,-2.039,0.139,0.287,0.065,0.886,0.919,0.901,0.852,0.194,0.128,0.069,0.15,0.178,0.098,0.884,0.85,0.863,0.966,0.888,0.489,1.0,1.0,1.0,0.0,1.0,1.0,1.0,1.0,0.75,1.0,0.174,0.11,,1.57,17.51,,1518147.0
TKM,0.033,,,100.0,-1.919,-0.035,0.64,0.795,-0.119,-2.205,0.947,0.749,0.896,0.107,0.18,0.056,0.072,0.566,0.5,0.637,0.603,0.624,0.909,0.416,0.108,0.288,0.835,0.059,1.274,0.0,0.0,0.0,1.0,0.0,0.25,0.5,1.0,0.0,0.0,-1.023,-0.202,,2.79,44.36,,6250438.0
PSE,0.048,,,0.0,1.905,-1.873,-1.033,-0.923,-0.311,0.569,0.763,0.494,0.43,0.259,0.194,0.275,0.3,0.48,0.798,0.351,0.923,0.682,0.346,0.376,0.57,0.432,0.112,0.284,-1.464,0.25,0.25,0.25,0.25,0.5,0.5,0.25,0.0,0.0,0.0,,,,,,,
SOM,0.248,,,100.0,-0.456,-1.164,-2.048,-1.504,-0.89,0.885,0.715,0.625,0.618,0.684,0.84,0.625,0.604,0.836,0.925,0.801,0.604,0.668,0.65,0.448,0.561,0.61,0.193,0.319,0.568,0.75,0.75,0.75,0.75,0.5,0.75,0.5,0.0,0.25,0.5,,,,,,,
UZB,0.085,2.0,8.0,100.0,-0.197,0.622,1.305,0.659,-0.169,-1.475,0.888,0.692,0.708,0.361,0.509,0.234,0.331,0.467,0.418,0.577,0.329,0.49,0.777,0.642,0.416,0.54,0.954,0.183,1.129,0.25,0.25,0.25,0.75,0.5,0.5,0.75,1.0,0.0,0.25,-0.616,-0.437,,3.06,20.34,,34232050.0
AUT,0.789,,,100.0,1.206,1.764,3.425,2.168,2.082,-0.547,0.072,0.073,0.077,0.927,0.978,0.953,0.863,0.028,0.05,0.068,0.047,0.067,0.076,0.928,0.913,0.899,0.996,0.958,0.232,1.0,1.0,1.0,0.0,1.0,1.0,1.0,1.0,0.75,1.0,1.606,0.888,,1.44,3.21,,8916864.0
BHR,0.051,,,80.0,-1.769,-0.588,0.41,1.173,1.019,1.817,0.879,0.551,0.63,0.278,0.341,0.111,0.366,0.546,0.592,0.496,0.817,0.934,0.552,0.495,0.489,0.435,0.575,0.195,-2.761,0.25,0.0,0.25,0.5,0.5,0.5,0.5,0.5,0.0,0.0,0.391,-0.61,,1.86,6.69,,1477469.0
BRB,0.68,,,100.0,0.679,2.122,1.992,1.44,2.048,-2.477,0.108,0.296,0.078,0.92,0.937,0.927,0.912,0.126,0.081,0.082,0.055,0.116,0.073,0.885,0.822,0.901,0.965,0.924,1.79,1.0,1.0,1.0,0.0,1.0,1.0,1.0,1.0,0.75,1.0,0.444,1.121,,1.71,11.66,,280693.0
BEL,0.828,,,100.0,1.815,2.365,2.937,2.988,2.623,-1.782,0.046,0.07,0.023,0.954,0.981,0.963,0.928,0.061,0.053,0.052,0.038,0.025,0.031,0.947,0.972,0.883,0.999,0.977,1.021,1.0,1.0,1.0,0.0,1.0,1.0,1.0,1.0,1.0,1.0,1.079,0.521,,1.58,3.38,,11538604.0
BIH,0.34,,,100.0,0.768,0.877,1.875,1.039,0.535,1.18,0.598,0.803,0.703,0.816,0.829,0.77,0.861,0.381,0.296,0.227,0.577,0.375,0.735,0.832,0.717,0.874,0.932,0.399,-1.705,1.0,0.75,1.0,0.75,0.75,1.0,1.0,1.0,0.25,0.5,-1.076,-0.447,,1.52,5.5,,3318407.0
BGR,0.498,,,100.0,0.732,1.972,2.98,1.838,0.699,0.464,0.298,0.48,0.517,0.849,0.895,0.797,0.871,0.146,0.076,0.155,0.08,0.121,0.557,0.901,0.834,0.916,0.982,0.637,-0.971,1.0,0.75,1.0,0.5,1.0,1.0,1.0,1.0,0.5,1.0,-0.214,0.402,,1.56,6.53,,6934015.0
COM,0.112,2.0,8.0,100.0,0.982,0.774,1.007,-0.366,-0.654,1.936,0.891,0.78,0.869,0.514,0.422,0.579,0.539,0.562,0.503,0.505,0.559,0.459,0.848,0.565,0.523,0.333,0.831,0.149,-0.383,0.5,0.5,0.5,1.0,0.5,0.25,0.5,1.0,0.0,0.25,-1.643,-0.287,,4.07,64.85,,806166.0
HRV,0.66,2.0,8.0,100.0,0.6,2.107,2.897,1.801,1.598,0.257,0.146,0.248,0.218,0.863,0.946,0.842,0.811,0.138,0.12,0.128,0.287,0.25,0.292,0.893,0.847,0.867,0.991,0.823,-0.364,1.0,1.0,1.0,0.25,1.0,1.0,1.0,1.0,0.75,1.0,0.425,0.607,,1.48,4.45,,4047680.0
CUB,0.06,,,100.0,2.135,1.501,2.052,1.946,1.566,-0.41,0.826,0.496,0.52,0.305,0.537,0.05,0.316,0.15,0.101,0.364,0.769,0.206,0.576,0.687,0.347,0.71,0.999,0.146,-0.45,0.25,0.0,0.25,0.5,0.25,0.75,0.75,1.0,0.0,0.0,-0.204,0.596,,1.49,4.82,,11300698.0
CYP,0.693,,,100.0,1.932,1.866,2.835,2.638,1.66,0.147,0.164,0.238,0.187,0.885,0.966,0.896,0.804,0.135,0.06,0.084,0.073,0.188,0.202,0.884,0.874,0.829,0.96,0.88,0.806,1.0,1.0,1.0,0.25,1.0,1.0,1.0,1.0,0.75,1.0,0.84,0.289,,1.36,2.22,,1237537.0
CZE,0.719,,,100.0,1.148,1.298,2.923,2.86,2.294,-0.66,0.151,0.168,0.29,0.916,0.985,0.933,0.84,0.045,0.049,0.052,0.05,0.042,0.22,0.887,0.93,0.814,0.938,0.843,0.66,1.0,1.0,1.0,0.25,1.0,1.0,1.0,1.0,0.75,1.0,0.911,0.912,,1.76,3.21,,10697858.0
DNK,0.886,,,100.0,1.571,3.302,3.3,2.893,2.279,-3.26,0.007,0.038,0.002,0.939,0.97,0.982,0.876,0.01,0.014,0.048,0.009,0.015,0.002,0.954,0.964,0.917,1.0,0.997,2.248,1.0,1.0,1.0,0.0,1.0,1.0,1.0,1.0,1.0,1.0,1.84,0.92,,1.68,3.97,,5831404.0
GNQ,0.051,,,100.0,-1.76,-0.217,-0.572,-1.127,-1.699,0.479,0.966,0.831,0.92,0.204,0.192,0.143,0.275,0.705,0.649,0.759,0.882,0.831,0.858,0.457,0.329,0.246,0.783,0.044,-0.222,0.25,0.0,0.25,1.0,0.25,0.25,0.5,0.75,0.0,0.0,-1.216,-0.222,,4.35,81.03,,1596049.0
EST,0.843,,,100.0,1.576,2.875,3.275,2.829,2.026,-0.488,0.038,0.067,0.03,0.959,0.975,0.967,0.945,0.02,0.028,0.073,0.039,0.128,0.032,0.949,0.951,0.92,0.995,0.979,0.321,1.0,1.0,1.0,0.0,1.0,1.0,1.0,1.0,1.0,1.0,1.299,0.71,,1.59,2.4,,1329522.0
FJI,0.273,,,100.0,1.591,0.61,0.822,-0.311,0.054,-1.129,0.454,0.389,0.296,0.69,0.783,0.591,0.709,0.509,0.503,0.531,0.641,0.622,0.29,0.673,0.664,0.496,0.869,0.625,-0.176,0.75,0.5,0.75,0.25,0.75,0.5,0.75,1.0,0.25,0.5,0.59,0.662,,2.36,24.8,,920422.0
FIN,0.842,,,100.0,1.837,3.633,2.904,2.634,2.365,-1.318,0.014,0.048,0.007,0.962,0.987,0.964,0.945,0.019,0.035,0.041,0.015,0.028,0.011,0.946,0.941,0.91,1.0,0.993,2.578,1.0,1.0,1.0,0.0,1.0,1.0,1.0,1.0,1.0,1.0,1.901,0.982,,1.37,1.58,,5529543.0
GRC,0.67,,,100.0,2.081,2.132,3.003,1.851,2.401,-1.341,0.146,0.124,0.173,0.905,0.956,0.886,0.89,0.081,0.088,0.092,0.045,0.086,0.213,0.918,0.919,0.884,0.97,0.896,-0.572,1.0,1.0,1.0,0.25,1.0,1.0,1.0,1.0,0.75,1.0,0.403,0.115,,1.39,4.31,,10698599.0
GUY,0.393,2.0,8.0,100.0,1.046,1.086,1.201,0.524,0.21,1.044,0.404,0.539,0.388,0.9,0.954,0.902,0.866,0.284,0.322,0.322,0.321,0.378,0.406,0.879,0.821,0.852,0.981,0.646,-2.04,1.0,1.0,1.0,0.5,1.0,1.0,1.0,1.0,0.25,0.75,-0.446,-0.138,,2.49,28.68,,797202.0
HKG,0.207,,,100.0,-0.789,2.24,2.411,1.627,1.872,3.413,0.342,0.387,0.073,0.698,0.859,0.433,0.816,0.204,0.074,0.075,0.446,0.152,0.077,0.85,0.85,0.781,0.941,0.824,-1.371,0.75,0.5,1.0,0.0,1.0,0.75,1.0,1.0,0.25,0.5,,,,0.89,1.97,,
ISL,0.785,2.0,8.0,100.0,2.16,2.119,2.995,2.717,1.635,-1.188,0.043,0.055,0.013,0.957,0.989,0.949,0.947,0.04,0.073,0.103,0.061,0.048,0.012,0.927,0.943,0.856,0.997,0.983,0.512,1.0,1.0,1.0,0.0,1.0,1.0,1.0,1.0,0.75,1.0,1.476,1.375,,1.72,1.89,,366463.0
ISR,0.641,2.0,8.0,100.0,0.687,1.748,1.907,1.903,1.796,1.019,0.098,0.098,0.183,0.845,0.898,0.829,0.816,0.186,0.119,0.091,0.225,0.301,0.123,0.882,0.85,0.842,0.974,0.923,-0.771,1.0,1.0,1.0,0.0,1.0,1.0,1.0,1.0,0.75,1.0,1.052,-0.888,,2.94,3.45,,9215100.0
KWT,0.289,2.0,8.0,100.0,-0.158,-0.448,-0.044,0.848,1.348,-1.511,0.399,0.698,0.414,0.559,0.742,0.39,0.549,0.242,0.468,0.183,0.227,0.271,0.466,0.417,0.538,0.38,0.34,0.651,-1.01,0.5,0.25,0.5,0.5,0.5,0.25,0.5,0.25,0.25,0.75,-0.195,0.225,,2.1,7.42,,4360444.0
LTU,0.75,2.0,8.0,100.0,1.664,1.95,2.045,3.148,2.22,-2.474,0.039,0.165,0.044,0.924,0.976,0.901,0.91,0.062,0.049,0.067,0.023,0.022,0.115,0.919,0.915,0.882,0.982,0.954,2.027,1.0,1.0,1.0,0.0,1.0,1.0,1.0,1.0,0.75,1.0,1.015,0.921,,1.49,3.86,,2794885.0
LUX,0.788,,,100.0,1.804,2.145,2.915,2.781,2.411,-2.32,0.053,0.05,0.01,0.922,0.96,0.958,0.859,0.025,0.093,0.043,0.027,0.111,0.027,0.861,0.931,0.653,0.992,0.975,1.577,1.0,1.0,1.0,0.0,1.0,0.75,1.0,1.0,0.75,1.0,1.793,1.212,,1.36,2.31,,630419.0
MKD,0.404,2.0,8.0,100.0,-0.422,0.761,1.471,1.904,0.762,1.145,0.595,0.622,0.692,0.818,0.852,0.815,0.801,0.202,0.182,0.234,0.282,0.128,0.668,0.821,0.738,0.766,0.982,0.433,-1.477,1.0,1.0,1.0,0.75,0.75,0.75,1.0,1.0,0.5,0.75,0.028,0.112,,1.63,9.69,,2072531.0
MYS,0.307,,,100.0,0.85,1.013,0.922,0.897,0.657,1.853,0.448,0.475,0.508,0.72,0.828,0.656,0.689,0.405,0.44,0.244,0.343,0.488,0.415,0.798,0.764,0.822,0.838,0.637,0.504,0.75,0.75,0.75,0.5,0.75,1.0,0.75,1.0,0.25,0.75,1.022,0.124,,1.68,7.38,,33199993.0
MLT,0.624,,,100.0,1.417,2.034,1.965,2.555,2.058,1.55,0.217,0.238,0.262,0.893,0.918,0.879,0.894,0.057,0.084,0.079,0.267,0.075,0.194,0.854,0.902,0.759,0.922,0.831,-1.092,1.0,1.0,1.0,0.0,1.0,0.75,1.0,1.0,0.75,0.75,0.994,0.998,,1.13,6.61,,515332.0
MUS,0.451,,,100.0,0.332,1.091,2.109,2.601,2.422,0.795,0.307,0.412,0.625,0.816,0.831,0.796,0.835,0.194,0.134,0.041,0.481,0.268,0.49,0.827,0.801,0.813,0.901,0.64,0.258,1.0,0.75,1.0,0.5,1.0,1.0,1.0,1.0,0.5,0.75,0.851,0.873,,1.39,14.75,,1266014.0
MNE,0.378,2.0,8.0,100.0,1.349,0.622,0.921,0.689,1.292,1.656,0.39,0.666,0.578,0.786,0.868,0.816,0.687,0.177,0.342,0.196,0.416,0.246,0.514,0.839,0.786,0.858,0.901,0.727,-2.41,0.75,1.0,0.75,0.5,0.75,1.0,1.0,1.0,0.25,0.75,-0.107,-0.061,,1.83,2.38,,621306.0
NZL,0.829,2.0,8.0,100.0,0.864,3.184,2.908,2.378,1.843,-2.325,0.016,0.045,0.009,0.952,0.987,0.962,0.917,0.098,0.044,0.089,0.037,0.078,0.009,0.941,0.937,0.904,1.0,0.992,1.639,1.0,1.0,1.0,0.0,1.0,1.0,1.0,1.0,1.0,1.0,1.539,1.468,,1.63,5.54,,5090200.0
NOR,0.832,,,100.0,2.56,3.607,2.681,2.906,1.952,-1.501,0.015,0.022,0.008,0.925,0.986,0.953,0.85,0.014,0.021,0.061,0.013,0.027,0.011,0.9,0.816,0.902,1.0,0.985,1.05,1.0,1.0,1.0,0.0,1.0,1.0,1.0,1.0,1.0,1.0,1.888,1.222,,1.48,2.36,,5379475.0
OMN,0.138,,,100.0,-0.734,-0.607,-0.56,0.555,1.607,-2.997,0.539,0.494,0.27,0.438,0.72,0.153,0.441,0.426,0.74,0.379,0.296,0.543,0.252,0.372,0.475,0.317,0.32,0.629,1.528,0.5,0.0,0.5,0.25,0.5,0.25,0.25,0.25,0.0,0.5,0.105,0.42,,2.64,10.43,,4543399.0
PRY,0.429,,,100.0,-0.197,0.441,1.336,-0.182,-0.672,-0.904,0.55,0.713,0.752,0.807,0.857,0.805,0.772,0.658,0.501,0.589,0.525,0.717,0.768,0.66,0.66,0.571,0.76,0.432,0.656,1.0,1.0,0.75,0.75,0.75,0.5,0.75,0.75,0.5,0.75,-0.565,0.017,,2.5,19.44,,6618695.0
ROU,0.665,2.0,8.0,100.0,0.251,1.62,2.778,1.733,1.064,0.346,0.214,0.292,0.249,0.889,0.951,0.896,0.835,0.21,0.092,0.162,0.117,0.123,0.35,0.858,0.796,0.866,0.93,0.745,-0.591,1.0,1.0,1.0,0.25,0.75,1.0,1.0,1.0,0.75,1.0,-0.287,0.509,,1.73,6.87,,19265250.0
STP,0.581,,,100.0,0.25,1.563,1.567,0.604,-0.792,-1.969,0.27,0.439,0.321,0.905,0.951,0.87,0.91,0.505,0.375,0.607,0.325,0.452,0.279,0.859,0.868,0.779,0.956,0.737,1.269,1.0,1.0,1.0,0.25,1.0,0.75,1.0,1.0,0.5,1.0,-0.714,0.49,,3.83,29.29,,218641.0
SAU,0.045,,,0.0,-1.13,-1.887,-0.579,0.269,0.566,-1.304,0.758,0.566,0.48,0.149,0.187,0.071,0.176,0.516,0.812,0.327,0.142,0.672,0.393,0.278,0.191,0.21,0.414,0.33,2.068,0.0,0.0,0.0,0.25,0.0,0.25,0.25,0.5,0.0,0.0,0.114,-0.651,,2.27,6.49,,35997107.0
SRB,0.242,2.0,8.0,100.0,0.473,1.357,1.972,1.233,1.476,0.188,0.664,0.804,0.689,0.779,0.882,0.629,0.836,0.2,0.177,0.149,0.241,0.23,0.672,0.876,0.817,0.847,0.992,0.468,-1.314,0.75,0.75,1.0,0.75,1.0,1.0,1.0,1.0,0.25,0.5,-0.043,-0.171,,1.49,5.16,,6899126.0
SYC,0.579,2.0,8.0,100.0,0.661,1.044,2.424,1.269,2.004,0.388,0.11,0.237,0.067,0.854,0.901,0.848,0.829,0.178,0.181,0.059,0.273,0.176,0.076,0.849,0.932,0.721,0.92,0.948,1.565,1.0,1.0,1.0,0.0,1.0,0.75,1.0,1.0,0.5,1.0,0.679,0.702,,2.23,13.96,,98462.0
SGP,0.325,2.0,8.0,100.0,0.894,0.917,2.385,2.556,2.841,-0.771,0.151,0.205,0.008,0.71,0.936,0.507,0.704,0.049,0.09,0.032,0.14,0.099,0.007,0.809,0.772,0.725,0.953,0.968,1.332,0.75,0.5,0.75,0.0,0.75,0.75,1.0,1.0,0.25,0.75,2.285,1.438,,0.94,2.61,,5685807.0
SVK,0.76,2.0,8.0,100.0,1.211,1.217,2.503,1.716,1.26,-0.328,0.097,0.135,0.185,0.892,0.918,0.928,0.841,0.178,0.086,0.104,0.06,0.113,0.211,0.879,0.912,0.823,0.93,0.886,-1.157,1.0,1.0,1.0,0.25,1.0,1.0,1.0,1.0,0.75,1.0,0.502,0.634,,1.59,5.27,,5458827.0
SVN,0.668,,,100.0,1.232,1.395,1.886,2.553,2.028,2.356,0.139,0.194,0.179,0.87,0.964,0.819,0.84,0.128,0.108,0.053,0.149,0.128,0.136,0.916,0.902,0.904,0.962,0.892,-2.136,1.0,1.0,1.0,0.0,1.0,1.0,1.0,1.0,0.75,1.0,1.122,0.701,,1.59,2.07,,2102419.0
SLB,0.464,,,100.0,-0.07,-0.437,-1.164,-1.312,-1.491,-1.299,0.455,0.747,0.683,0.827,0.889,0.859,0.753,0.509,0.836,0.764,0.215,0.408,0.644,0.595,0.616,0.732,0.463,0.596,1.132,1.0,1.0,0.75,0.75,0.75,0.75,0.5,0.5,0.5,0.75,-0.692,0.562,,3.75,19.02,,691191.0
VUT,0.653,2.0,8.0,100.0,1.431,0.588,0.719,0.063,-0.076,-1.859,0.205,0.437,0.38,0.865,0.918,0.901,0.79,0.415,0.427,0.419,0.13,0.184,0.367,0.613,0.69,0.644,0.506,0.806,0.982,1.0,1.0,0.75,0.25,0.75,0.75,0.75,0.5,0.75,1.0,-0.383,0.882,,3.74,24.91,,311685.0
ARE,0.089,,,36.0,-0.745,-0.649,1.112,1.38,1.682,-1.464,0.631,0.446,0.147,0.392,0.753,0.11,0.308,0.38,0.354,0.147,0.561,0.705,0.116,0.584,0.319,0.442,0.974,0.707,2.271,0.25,0.0,0.25,0.0,0.25,0.5,0.5,1.0,0.0,0.25,1.286,0.593,,1.29,7.16,,9287289.0
HUN,0.358,,,100.0,0.59,1.09,2.623,1.527,1.872,2.453,0.477,0.52,0.673,0.827,0.977,0.653,0.86,0.144,0.049,0.077,0.235,0.216,0.48,0.85,0.877,0.874,0.818,0.64,-2.871,1.0,0.75,1.0,0.5,1.0,1.0,1.0,1.0,0.25,0.75,0.539,0.837,,1.58,3.99,,9750149.0
