,Births_per_woman_2019,Population_Density_2010,GDP_per_capita_2022,beds_per_1000,Maternal_mortality_ratio _2019,Population_2019,Adolescent_Birth_Rate_2019,GGHD_as_CHE_2019,VDem_2015,WBregion_2015,sample_polity_2015,Capacity_2015,Capacity_sd_2015,censusfreq_2015,v2clrspct_2015,v2stfisccap_2015,v2terr_2015,infcap_2015,irai_qbfm_2015,irai_qpa_2015,irai_erm_2015,milexpercap_2015,milpercap_2015,policecap_2015,StateHist50s_2015,bti_mo_2015,wbstat_2015,tax_inc_tax_2015,tax_trade_tax_2015,taxrev_gdp_2015,GDP_2019,GDP_per_Capita_2019,Gini_2019,Share_of_Pop_in_Extreme Poverty_2019,Urban_population_percent_2019
ABW,1.486,600.0,,,,109203.0,20.99,,,,,,,,,,,,,,,,,,,,,,,,3395798882.68156,31096.2050738676,,,43.546
AFG,4.87,52.71913282,1357.9878,0.34,644.0,37856121.0,,3.0,36.0,7.0,1.0,-1.046000004,0.3005816042423248,0.1408450752496719,-0.844,-0.979,0.2147015631198883,0.3738526105880737,4.0,1.0,1.0,1.9165794837493084,2.3303182125091557,,0.7719020247459412,4.0,0.5111110210418701,0.4290529632568359,0.3269347381591796,0.075532761,18799444490.1128,496.6025042585,,,25.754
AGO,5.442,15.30600786,6118.905,,228.0,32375632.0,,45.0,104.0,8.0,1.0,-0.107299998,0.2988485991954803,0.3083700537681579,-0.944,-0.225,1.4220904111862185,,,,,4.870623244671956,1.647869348526001,,0.5975111126899719,14.0,0.4777776598930359,0.6868807220458985,0.085000191,0.124564261,70897962732.0277,2189.85571407618,,,66.177
ALB,1.414,116.9708029,12978.101,2.91,5.0,2854191.0,,43.0,12.0,3.0,1.0,0.5548999905586243,0.288128912448883,1.3461538553237915,0.516,0.295,1.7279343605041504,,,,,3.8456219881680793,1.371343970298767,1.473276138305664,0.739932656,17.0,0.7222223877906799,0.2062126541137695,0.03877744,0.191527384752638,15585105131.0644,5460.42823730592,30.1,0.0,61.229
AND,,180.5617021,,,,76474.0,2.53,71.0,,,,,,,,,,,,,,,,,,,,,,,3155149347.80639,41257.8045846483,,,87.984
ARE,1.334,89.85645933,77203.67,1.94,9.0,9445785.0,3.57,51.0,207.0,5.0,1.0,0.7111999988555908,0.3478074967861175,1.3207546472549438,1.488,-0.135,1.811910629272461,,,,,,2.0542941093444824,,,17.0,,0.065471535,0.069860525,0.121736881,417989721734.494,44251.4541390148,,,86.789
ARG,1.994,14.76674377,18292.318,3.2,33.0,44973465.0,41.84,61.0,37.0,4.0,1.0,0.809499979,0.2848108112812042,1.014492750167847,0.439,1.446,2.074854850769043,0.726930559,,,,4.854211349,1.2378036975860596,2.2008824348449707,0.8375205993652344,14.0,0.9555556774139404,0.208923168182373,0.1785695075988769,0.1015410629879809,447754683615.225,9955.97478680428,43.3,,91.991
ARM,1.575,108.5674157,13837.577,4.59,25.0,2962500.0,16.71,12.0,105.0,3.0,1.0,1.0709999799728394,0.2931149899959564,0.9589040875434875,-0.221,1.51,3.023341417312622,,,,,5.036440371326608,2.8782496452331543,,0.4992955923080444,17.0,0.9333333373069764,0.3925995254516601,0.0565058898925781,0.2162442202150041,13619290539.2116,4597.22887399548,30.0,1.0300698,63.219
ASM,,342.1,,,,50209.0,36.07,,,,,,,,,,,,,,,,,,,,,,,,647000000.0,12886.1359517218,,,87.147
ATG,1.468,200.0,,3.29,19.0,91364.0,33.58,58.0,,,,,,,,,,,,,,,,,,,,,,,1725351851.85185,18884.3729680383,,,24.506
AUS,1.657,2.902646343,52049.43,,5.0,25334826.0,8.67,74.0,67.0,2.0,1.0,2.2179999351501465,0.3472470939159393,2.0,2.677,2.471,2.4089155197143555,0.5701025128364563,,,,6.913489952909795,1.2282143831253052,1.2906407117843628,0.7674419283866882,,,0.5798206329345703,0.024439461,0.2729636817537243,1392723834562.64,54972.7017885437,,,86.124
AUT,1.46,101.7833313,43792.855,7.06,5.0,8879920.0,5.21,75.0,144.0,3.0,1.0,2.4790000915527344,0.3517678081989288,1.2068965435028076,2.302,2.361,3.719016551971436,1.0,,,,5.730495888898488,1.2412846088409424,1.4520578384399414,0.9993174076080322,,,0.4702110290527344,0.0,0.280471120578059,442983642371.842,49885.9947355204,30.2,0.6406389,58.515
AZE,1.81,109.5860566,17682.94,,27.0,10024283.0,47.3,26.0,106.0,3.0,1.0,0.0576799996197223,0.294788509607315,0.9090909361839294,-1.27,-0.393,0.9153650999069214,,,,,5.711839043181701,2.253004550933838,,0.5605345964431763,10.0,0.6777780055999756,0.3780126190185547,0.099034443,0.1410067706800117,48174235294.1176,4805.75371765917,,,56.031
BDI,5.271,326.4018692,717.22845,,479.0,12255336.0,,25.0,69.0,8.0,1.0,-0.641700029,0.3224470019340515,0.4347825944423675,-0.919,-1.083,1.5931792259216309,,3.0,1.0,1.0,2.0165337508008894,1.6164969205856323,,0.6935974955558777,12.0,0.5555556416511536,,,,2576518879.82353,210.236494521532,,,13.366
BEL,1.6,359.8414795,41872.395,5.52,5.0,11488980.0,5.14,75.0,148.0,3.0,1.0,2.378999948501587,0.3437337875366211,1.4893616437911987,2.904,1.925,3.719016551971436,0.8200467824935913,,,,5.922279399327831,1.4398952722549438,1.4820016622543335,0.9328147768974304,,,0.5696230697631836,0.0,0.2803178254713648,536726344405.489,46716.6227467964,27.2,0.07855247,98.041
BEN,5.13,80.00361598,2477.0903,0.47,522.0,12726755.0,83.85,12.0,52.0,8.0,1.0,0.1220000013709068,0.3100279867649078,0.7368420958518982,0.15,0.994,1.139391303062439,,4.0,2.0,2.0,2.2611996802526413,0.6533153057098389,,0.655345082,16.0,0.6666666269302368,,,,14391686309.033,1130.82135304977,,,47.861
BFA,4.971,60.19005848,1704.966,0.2,283.0,20961952.0,100.58,42.0,54.0,8.0,1.0,0.1683000028133392,0.2736222147941589,0.5882353186607361,1.355,0.712,0.9454287886619568,,5.0,3.0,2.0,2.2157626741883174,0.4899446666240692,,0.7351120710372925,11.0,0.6777780055999756,0.2523576736450195,0.1538210391998291,0.1408874792591569,16032813503.3707,764.853077774946,,,29.98
BGD,2.031,1142.29085,4925.721,,157.0,164913055.0,74.0,20.0,24.0,7.0,1.0,0.0122699998319149,0.2782526016235351,1.0,-1.149,1.698,2.014090776443481,,3.0,2.0,1.0,2.9453373940268714,0.8812946677207947,,0.6921736001968384,10.0,0.7666670083999634,0.316125374,0.2792874717712402,0.079385842,351231654603.692,2129.79896954606,,,37.405
BGR,1.58,69.39941046,20592.455,7.77,7.0,6975761.0,39.29,59.0,152.0,3.0,1.0,1.1649999618530271,0.284749686717987,1.2068965435028076,0.411,1.854,3.0591042041778564,0.7417882680892944,,,,4.486969194733023,2.024151086807251,1.4211912155151367,0.8536325097084045,18.0,0.8444443345069885,0.2486989021301269,0.0008209042996168137,0.2101547910715697,68631726289.2794,9838.60058985384,40.3,0.9236337,75.347
BHR,1.857,1660.526316,38651.6,,15.0,1483756.0,8.59,58.0,146.0,5.0,1.0,0.4697999954223633,0.3664514124393463,1.25,-1.49,-0.306,1.6133891344070437,,,,,6.958589580045029,2.720320701599121,,0.7721707224845886,11.0,,,,,40446808510.6383,27259.7438599327,,,89.394
BHS,1.398,34.26573427,,2.69,82.0,394675.0,,52.0,,4.0,0.0,,,1.0,,,,,,,,,1.498300313949585,,,,,0.0,0.4827311706542969,0.169465552292749,13016200000.0,32979.5401279534,,,83.132
BIH,1.368,73.7254902,12142.863,,5.0,3345533.0,9.74,69.0,150.0,3.0,1.0,0.2854999899864197,0.3199112117290497,1.25,-0.316,-0.136,1.524034857749939,,,,,3.8774729710281592,1.4016247987747192,1.620054006576538,0.5631220936775208,14.0,0.6777780055999756,0.1361037158966064,1.93247789866291e-06,0.2247006429191528,20482608755.379,6122.3753450882,,,48.626
BLR,1.382,46.79025737,18699.799,,1.0,9419758.0,,70.0,107.0,3.0,1.0,0.9086999893188475,0.2918162047863006,0.9090909361839294,-1.354,1.302,3.719016551971436,,,,,4.352386309740822,2.8757266998291016,,0.5413789749145508,18.0,0.877777636,0.273195744,0.1777017974853515,0.2477671,64410122847.3508,6837.76832136779,25.3,0.0,79.044
BLZ,2.106,15.1249452,,,86.0,385829.0,68.03,69.0,149.0,4.0,0.0,,,0.9210526943206788,,,,,,,,4.018734458676564,1.6401565074920654,,,,0.5444446802139282,0.3155258221562015,0.2679800987243652,0.2390243902439024,2388300000.0,6190.04792278445,,,45.866
BMU,1.3,1292.0,,,,64107.0,3.07,,,,,,,,,,,,,,,,,,,,,,,,7423465000.0,115798.040775578,,,100.0
BOL,2.688,9.165512785,6481.3906,1.36,176.0,11671386.0,,71.0,25.0,4.0,1.0,0.5020999908447266,0.2649505138397217,0.7865168452262878,0.088,0.047,1.587055802345276,0.7120728492736816,3.0,2.0,3.0,3.988009799352736,2.0215871334075928,,0.8739351630210876,13.0,0.7888889908790588,0.2573839569091797,0.066589618,0.2369854482619488,40895322843.7851,3503.8960106182,41.6,1.9205352,69.773
BRA,1.703,23.04484232,14640.076,2.43,61.0,207455459.0,49.78,41.0,19.0,4.0,1.0,0.7382000088691711,0.287718803,1.5555555820465088,0.971,1.979,1.135036587715149,0.5998179316520691,,,,4.799062754951231,1.5190163850784302,,0.8713349103927612,12.0,0.7222223877906799,0.2839164161682129,0.0275878,0.2558397467244795,1873288205186.45,9029.83326742175,53.5,5.4092226,86.824
BRB,1.623,637.2093023,11545.848,5.66,47.0,281207.0,,45.0,147.0,4.0,0.0,,,1.0,1.491,1.407,2.6737873554229736,,,,,,1.1435531377792358,1.7822881937026978,0.5880244374275208,,,0.2860214996337891,0.095913982,0.2628900949796472,5788288000.0,20583.7265786414,,,31.158
BRN,1.819,75.71157495,,3.88,45.0,442680.0,10.91,94.0,151.0,2.0,0.0,,,1.0,,,,,,,,6.9304474836447065,3.148186206817627,,,,,,,0.023174710316121,13469235348.2211,30426.5730284202,,,77.942
BTN,1.46,18.91117479,,2.12,62.0,764824.0,7.8,74.0,53.0,7.0,1.0,0.6274999976158142,0.2909520864486694,0.7142857313156128,1.985,-0.019,1.3476219177246094,,4.0,4.0,2.0,,,,,14.0,0.6888890266418457,0.6323489379882813,0.024595196,0.1461791642816256,2735683570.28851,3576.87987077877,,,41.612
BWA,2.883,3.541368906,16351.91,2.26,118.0,2332083.0,50.22,71.0,68.0,8.0,1.0,0.6212999820709229,0.2933507859706878,1.0,2.131,1.69,2.326347827911377,,,,,5.203722380094548,1.6570559740066528,,0.6407312750816345,18.0,0.4555553495883941,0.382913704,0.4386930465698242,0.247116702,16725908148.5481,7172.08956480028,,,70.172
CAF,6.008,7.064432245,596.393,,847.0,4944703.0,,11.0,71.0,8.0,1.0,-1.541000009,0.3370501101016998,0.4347825944423675,-0.915,-1.611,0.2404260337352752,,2.0,0.0,0.0,1.9377650627866716,1.0345585346221924,,0.3953488767147064,1.0,0.5222226977348328,,,,2221301351.43918,449.228467602439,,,41.77
CAN,1.47,3.752786328,45529.645,2.56,11.0,37618495.0,6.21,70.0,66.0,6.0,1.0,2.095000028610229,0.3394995033740997,2.0,2.873,2.229,1.8627318143844604,0.5701025128364563,,,,6.212403666238485,1.055569767951965,1.0694118738174438,0.8154848217964172,,,0.5615734481811523,0.0096262,0.2710323105559228,1743725183672.52,46352.8693445211,31.7,0.24863754,81.482
CHE,1.48,195.65,63323.254,4.48,7.0,8575280.0,1.97,34.0,6.0,3.0,1.0,2.2720000743865967,0.3386625051498413,1.0,2.819,2.331,2.8070337772369385,1.0,,,,6.302472064307129,1.2599023580551147,1.1591111421585083,0.9877081513404846,,,0.6189429473876953,0.007877602,0.2076365909700089,721369112726.724,84121.9310304414,34.0,0.017386846,73.849
CHL,1.545,23.01680901,22740.72,2.03,15.0,19197744.0,18.9,51.0,72.0,4.0,1.0,1.503000020980835,0.2846347093582153,1.0,1.428,2.223,1.9818145036697388,0.7417882680892944,,,,5.555684089603452,1.9588158130645752,1.3438063859939575,0.8704745173454285,18.0,0.9555556774139404,0.3307814025878906,0.0106922626495361,0.1667958925093137,278285058719.466,14495.716721687,,,87.643
CHN,1.496,143.4792677,19238.18,5.0,20.0,1407745000.0,,56.0,110.0,2.0,1.0,0.7145000100135803,0.2847805917263031,1.076923131942749,-0.474,1.552,1.9144710302352903,0.5998179316520691,,,,5.0333633776611935,1.1055315732955933,,0.970062792,16.0,0.699999988,0.2657015037536621,0.0193811798095703,0.192464528,14279968506271.7,10143.8602206165,38.2,0.0,60.308
CIV,4.538,62.06918239,4011.7122,,483.0,28193009.0,96.57,30.0,64.0,8.0,1.0,-0.071359999,0.2735998928546905,1.2068965435028076,1.466,0.2,0.9944579005241394,,3.0,2.0,2.0,3.239743275791777,0.7306226491928101,,0.7171844840049744,11.0,0.5888890027999878,0.1274971580505371,0.305494327545166,0.156337581,60382894697.3557,2141.76836170115,,,51.239
CMR,4.623,41.460938,2812.2148,,440.0,25506095.0,,11.0,108.0,8.0,1.0,-0.406899989,0.2749685943126678,0.4347825944423675,-1.943,-0.578,1.6341850757598877,,3.0,2.0,2.0,2.784163527178681,0.6953257322311401,,0.7405285239219666,11.0,0.5555556416511536,0.3335486295659728,0.1296989917755127,0.1548200035095215,39667757527.6578,1555.22660476477,,,56.968
COD,6.253,29.09728502,844.172,,541.0,92947442.0,,16.0,111.0,8.0,1.0,-0.99119997,0.286982,0.2857142984867096,-2.164,-0.011,0.5791321396827698,,3.0,1.0,1.0,2.007332772452692,1.0155140161514282,,0.5920843482017517,3.0,0.5777776837348938,0.3169020531684206,0.1464044952392578,0.1083300018310546,51775829877.2088,557.044161335917,,,45.046
COG,4.296,11.83894583,4187.507,,292.0,5616661.0,,44.0,112.0,8.0,1.0,-0.46540001,0.3014555871486664,0.4347825944423675,-0.895,1.275,1.468383789,,2.0,1.0,1.0,,1.2444779872894287,,0.6513054966926575,11.0,0.5000003576278687,,,0.1772378606533139,13976637779.9763,2488.42466724916,,,67.373
COL,1.765,41.7260027,14468.964,1.69,65.0,49907985.0,57.46,70.0,15.0,4.0,1.0,0.6180999875068665,0.2845571935176849,0.9090909361839294,0.253,1.517,0.701710045,0.6674997210502625,,,,5.263038742318502,2.409106492996216,,0.8667943477630615,10.0,0.8444443345069885,0.3195435142517089,0.0379879164695739,0.201,323031701192.84,6472.54544924705,51.3,5.2847376,81.104
COM,4.125,395.1612903,1900.3983,,237.0,786578.0,,16.0,153.0,8.0,1.0,-0.938199997,0.3421224057674408,0.7142857313156128,-0.706,-1.075,0.6692437529563904,,2.0,1.0,0.0,,,,,,0.422221690416336,,0.1260106372833252,0.1108850652659486,1195019531.9011,1519.26386436068,,,29.164
CPV,1.932,123.0769231,7202.767,,42.0,514104.0,,63.0,70.0,8.0,1.0,0.4860000014305115,0.2899293005466461,1.0,0.919,-0.724,3.719016551971436,,4.0,4.0,3.0,2.890545316104991,1.189928650856018,1.5054609775543213,0.5869739055633545,,0.6666666269302368,0.3160452270507812,0.2010445594787597,0.1932726401533301,2252177133.74705,4380.7811916403,,,66.195
CRI,1.632,91.24559342,15496.82,1.15,19.0,4999553.0,41.86,73.0,73.0,4.0,1.0,0.8695999979972839,0.2905625998973846,0.9090909361839294,2.207,2.161,1.8662956953048704,0.726930559,,,,0.0,1.1057645082473757,1.3346189260482788,0.8613243699073792,18.0,0.8444443345069885,0.2933130264282226,0.090836706,0.1317355699829009,64417670521.3545,12884.6859951989,48.2,1.0571395,80.076
CUB,1.551,105.7685081,7648.704,4.19,40.0,11202846.0,50.34,89.0,155.0,4.0,1.0,0.5659999847412109,0.3301011919975281,0.8139535188674927,-0.988,0.105,2.376030921936035,0.5849602222442627,,,,2.438191180097649,2.0368990898132324,,0.7182924151420593,18.0,,0.2280911636352539,0.0,0.3359125381027581,103427600000.0,9232.26115935183,,,77.109
CUW,1.6,321.3252236,,,,157441.0,,,,,,,,,,,,,,,,,,,,,,,,,3026124134.07821,19220.6866958303,,,89.098
CYM,,234.2916667,,,,67327.0,,,,,,,,,,,,,,,,,,,,,,,,,5941896607.58643,88254.2903677044,,,100.0
CYP,1.332,119.3722944,31523.498,,64.0,1286671.0,6.68,54.0,156.0,3.0,1.0,0.9259999990463256,0.355223686,0.3703703582286834,1.473,0.428,0.4637037515640259,,,,,5.6469475577602735,2.4834084510803223,1.653226017951965,0.5548259019851685,,,0.3655863189697265,0.0009212888777256012,0.2400181436752282,26196667099.5303,29703.052734375,31.2,0.1538318,66.805
CZE,1.71,136.1812298,32247.395,6.6,3.0,10671870.0,9.85,85.0,157.0,3.0,1.0,1.5859999656677246,0.3310540914535522,1.2068965435028076,1.777,2.185,3.145153045654297,,,,,5.129258686374185,1.2128030061721802,1.5627477169036863,0.6229879260063171,18.0,,0.3778861236572265,0.0,0.1897642942378225,256794209028.77,24062.7190013343,25.3,0.0,73.921
DEU,1.54,234.5801899,46647.793,7.8,4.0,83092962.0,6.92,77.0,77.0,3.0,1.0,2.3010001182556152,0.3457429111003876,1.3461538553237915,3.216,2.564,3.719016551971436,0.8200467824935913,,,,6.117299066435753,1.153042197227478,,0.7555162310600281,,,0.5127950286865235,2.9097808874212205e-06,0.2266329686562341,3957208055215.68,47623.8656074829,31.8,0.24957946,77.376
DJI,2.891,38.35202761,3623.0603,,244.0,1088709.0,,53.0,113.0,5.0,1.0,-0.428799987,0.3336696922779083,0.5882353186607361,0.333,-0.641,1.3767808675765991,,2.0,1.0,2.0,,2.719222307,,0.6925323605537415,,0.4666666686534881,,,0.2013027214430947,3088853638.56832,2837.17103336917,,,77.915
DMA,1.611,90.66666667,8879.6455,,,67880.0,,64.0,,,,,,,,,,,,,,,,,,,,,,,611537037.037037,9009.09011545429,,,70.786
DNK,1.7,130.732972,50689.68,2.59,5.0,5814422.0,2.02,84.0,158.0,3.0,1.0,2.697000026702881,0.3429267108440399,1.4893616437911987,3.442,2.246,1.880793571472168,0.8200467824935913,,,,6.384108949103697,1.3655987977981567,1.0501127243041992,0.999714970588684,,,0.6305111694335938,0.0,0.455734617,345401473012.615,59404.2663247723,27.7,0.25140718,87.994
DOM,2.344,205.4428808,17713.52,1.42,103.0,10894043.0,,61.0,114.0,4.0,1.0,0.5985999703407288,0.2931641936302185,1.029411792755127,-0.456,2.298,1.7316269874572754,0.5998179316520691,,,,3.818722084571132,2.0681724548339844,,0.8358872532844543,16.0,0.7888889908790588,0.2896478652954101,0.07584507,0.133646494402659,88941372558.2397,8164.22080932117,41.9,0.83268654,81.828
DZA,2.988,14.89163385,13506.444,,77.0,43294546.0,11.0,60.0,103.0,5.0,1.0,0.1428000032901764,0.3010169863700866,1.25,-0.802,-0.04,1.6849408149719238,,,,,5.572534184305149,2.1954774856567383,1.6800544261932373,0.6859911680221558,12.0,0.5333336591720581,0.4460492706298828,0.1724723815917968,0.1418766715636418,193459662090.677,4468.45341883656,,,73.189
ECU,2.088,58.24206797,10124.076,1.32,74.0,17340021.0,66.7,63.0,75.0,4.0,1.0,0.5636000037193298,0.281937688589096,1.014492750167847,0.136,1.022,1.661266207695007,0.7417882680892944,,,,5.082777480740232,1.2566317319869995,,0.872389555,14.0,0.7222226858139038,0.3046160316467285,0.1311465263366699,0.1541895045768989,107595829000.0,6205.05759479761,45.7,3.5835843,63.986
EGY,3.001,81.49178763,13205.406,1.13,18.0,107553158.0,,28.0,13.0,5.0,1.0,0.2569000124931335,0.2909125983715057,0.9090909361839294,-0.91,-1.077,0.9002259969711304,0.5998179316520691,,,,4.098191877913334,2.306382417678833,,0.7771598100662231,11.0,0.911111295223236,0.313450813293457,0.085232525,0.1049785179426326,318678815489.749,2962.98892023003,31.9,1.4670148,42.73
ERI,3.997,52.01980198,,1.0,332.0,3240194.0,,16.0,115.0,8.0,1.0,-1.233999968,0.3440529108047485,0.2857142984867096,-2.084,-0.91,2.053748846054077,,1.0,1.0,2.0,,4.116648674011231,,0.5556990504264832,10.0,0.2777779996395111,,,,,,,,40.712
ESP,1.23,92.36367281,34123.387,2.95,3.0,47134837.0,5.96,71.0,96.0,3.0,1.0,2.003000020980835,0.348742813,1.0,2.64,2.296,1.9953932762146,1.0,,,,5.788242477868844,1.664713740348816,1.543729543685913,0.992060661,,,0.4477797317504883,0.0005336671695113182,0.2183114130298362,1403496387686.27,29776.2011500384,34.3,0.79381347,80.565
EST,1.66,31.61122906,30067.395,4.46,5.0,1326898.0,8.52,74.0,161.0,3.0,1.0,1.7020000219345093,0.3236992061138153,0.8860759735107422,3.012,2.251,3.719016551971436,,,,,5.867700638,1.7691216468811035,1.382157564163208,0.5956178903579712,18.0,,0.3543363189697265,0.0,0.2239082559747185,31873748770.0313,24021.2501413306,30.8,0.5569404,69.051
ETH,4.323,82.95,2289.409,,294.0,115737383.0,,23.0,38.0,8.0,1.0,0.1020999997854232,0.269450307,0.4347825944423675,-0.071,-0.653,1.8521798849105835,0.4444594383239746,5.0,3.0,3.0,1.6842969392572968,0.8622848391532898,,0.9454492926597596,12.0,0.6888890266418457,,0.3193355560302734,0.12736284064005,95912607722.3032,828.70897229725,,,21.225
FIN,1.35,17.65054294,40701.465,2.83,9.0,5521606.0,4.1,80.0,163.0,3.0,1.0,2.336999893188477,0.3431333005428314,1.4893616437911987,2.846,1.771,2.6283507347106934,0.8200467824935913,,,,6.431576545686359,1.7125107049942017,0.8744204044342041,0.8110790252685547,,,0.4975714111328125,0.0,0.3105230751607314,267014821129.411,48358.1807773701,27.7,0.03882923,85.446
FJI,2.519,47.07170224,,,38.0,914899.0,31.05,62.0,162.0,2.0,1.0,0.4424999952316284,0.3296479880809784,1.4583333730697632,0.48,1.253,2.189231634140014,,,,,3.913279125974661,1.6152856349945068,,0.4124031364917755,,0.6111113429069519,0.2595218467712402,0.2279402542114257,0.254816378,5444407214.31758,5950.82868635508,30.7,1.3182689,56.75
FRA,1.86,118.4950517,39065.71,6.0,8.0,67382061.0,7.5,75.0,76.0,3.0,1.0,1.6419999599456787,0.3443182110786438,1.09375,2.144,2.211,1.632852554321289,0.4958139955997467,,,,6.564175194,1.7497321367263794,1.4643419981002808,0.9930689930915833,,,0.4008972930908203,0.001244842,0.2666865254756394,2722793515171.76,40408.2848574751,31.2,0.051448993,80.709
FRO,2.4091,35.04172662,,,,51795.0,6.04,,,,,,,,,,,,,,,,,,,,,,,,3266432734.22819,63064.6343127366,,,
FSM,2.801,158.5714286,,,65.0,110282.0,,15.0,,,,,,,,,,,,,,,,,,,,,,,394000000.0,3572.65918282222,,,22.812
GAB,3.615,5.840804129,15720.901,,225.0,2267706.0,100.07,60.0,116.0,8.0,1.0,-0.208900005,0.3123475909233093,0.9589040875434875,1.527,0.062,1.0013450384140017,,,,,4.482721886639308,1.4906481504440308,,0.472868263721466,,0.3999996483325958,0.3808139419555664,0.3333333206176758,0.121483826053054,16874405465.391,7441.1786472281,,,89.741
GBR,1.63,257.2314306,38406.53,2.43,9.0,66836327.0,11.06,80.0,101.0,3.0,1.0,1.7769999504089355,0.3456529080867767,1.0,3.073,0.983,2.538905143737793,0.5552448034286499,,,,6.707872409568624,1.197925090789795,1.1925994157791138,0.9770306944847108,,,0.4644518661499023,0.0003227541595697403,0.2481692345974879,2851407164907.81,42662.5353740311,32.8,0.49803847,83.652
GEO,2.011,77.88935932,14360.359,4.94,26.0,3720161.0,29.3,41.0,118.0,3.0,1.0,0.9021000266075134,0.3158876895904541,0.8641975522041321,1.78,1.848,0.8535759449005127,,,,,4.323186818957373,2.011345863342285,,0.5810248851776123,8.0,0.8888890147209167,0.4055025863647461,0.008650821,0.2522609900491245,17638337116.9126,4741.2832715876,35.9,4.8486285,59.039
GHA,3.683,107.1987343,4242.4106,,244.0,31258945.0,,61.0,7.0,8.0,1.0,0.2549999952316284,0.2754541933536529,0.9210526943206788,-1.103,0.714,2.014090776443481,,4.0,3.0,3.0,2.059476115069016,0.4424839913845062,,0.6810241937637329,14.0,0.6555556654930115,0.3683251266565528,0.1678255653381347,0.240547476696768,68337969247.7067,2186.18924111824,,,56.707
GIB,1.863,2924.4,,,,35494.0,,,,,,,,,,,,,,,,,,,,,,,,,,,,,100.0
GIN,4.576,40.62347387,1809.2666,,556.0,13034346.0,132.56,23.0,63.0,8.0,1.0,-0.240099996,0.2832950949668884,1.09375,-0.199,-0.073,1.02577006816864,,3.0,2.0,1.0,3.013953862754325,0.7304035425186157,,0.6298695802688599,13.0,0.5333333015441895,,0.2593647575378418,0.1391469142690315,13442861496.4454,1031.34146480732,,,36.5
GMB,4.869,172.9,2010.5322,1.11,474.0,2456844.0,,41.0,117.0,8.0,1.0,-0.1567,0.3071424961090088,0.9589040875434875,-1.488,-0.788,2.4977054595947266,,3.0,2.0,2.0,2.06051297636034,0.3246417045593261,,0.6371210813522339,,0.6555556654930115,,,,1813609692.49994,738.186751987483,,,61.931
GNB,4.172,53.87624467,1625.3876,,710.0,1967696.0,,6.0,119.0,8.0,1.0,-0.860300004,0.3107351064682007,1.25,-0.837,-1.359,1.1196569204330444,,1.0,1.0,0.0,2.3802030338013624,1.2702051401138306,,0.5472761392593384,,0.4444443583488464,,,0.1005714211440445,1588638853.59328,807.359903965493,,,43.777
GNQ,4.429,24.95543672,22707.22,,216.0,1670177.0,,20.0,160.0,8.0,1.0,-0.520699978,0.3366163969039917,0.8045976758003235,-2.293,0.102,1.5717867612838743,,,,,4.774588643208089,0.755925179,,0.5008919835090637,,0.4222223162651062,0.6,0.063157897,0.034888243,11364133549.7478,6804.14923073888,,,72.627
GRC,1.34,87.78898371,25283.906,,6.0,10721582.0,8.41,49.0,164.0,3.0,1.0,1.4179999828338623,0.3484827876091003,1.2068965435028076,1.05,0.268,3.719016551971436,0.5403871536254883,,,,6.115875600203442,2.693648338317871,1.7468565702438354,0.864222527,,,0.3193675422668457,0.0,0.2559349334365413,207305649887.019,19335.3602002969,33.1,0.6895518,79.388
GRD,2.042,305.8823529,,,20.0,115981.0,,41.0,,4.0,0.0,,,1.4893616437911987,,,,,3.0,3.0,2.0,,,,0.5810030102729797,,0.511111319,0.1987881088256836,0.3377638626098633,0.1925479864508844,1213485185.18519,10462.7929159533,,,36.396
GRL,2.08,0.137736631,,,,56225.0,36.95,,,,,,,,,,,,,,,,,,,,,,,,2997309971.87623,53309.2035905065,,,87.052
GTM,2.61,134.2758492,7969.431,0.43,100.0,17103803.0,73.12,38.0,78.0,4.0,1.0,0.1455000042915344,0.2903974950313568,1.029411792755127,-0.438,1.607,1.3407549858093262,0.5767655372619629,,,,2.8053828085690147,1.294408082962036,,0.8593969941139221,6.0,0.7222223877906799,0.3534382247924805,0.043482895,0.1015927594489825,77172317258.6478,4511.99755157656,,,51.439
GUM,2.623,331.4814815,,,,161808.0,,,,,,,,,,,,,,,,,,,,,,,,,6355000000.0,39274.9431424899,,,94.859
GUY,2.44,3.835407671,,2.25,110.0,807665.0,,59.0,166.0,4.0,1.0,0.2082999944686889,0.3062218129634857,1.0,1.517,1.368,2.286586046218872,,4.0,1.0,2.0,4.119054378561946,1.6920043230056765,1.748371124267578,0.593536913,,0.5666669607162476,,,,5173760191.84652,6405.82443444562,,,26.689
HKG,1.064,6783.109405,,,,7507900.0,1.8,,,,,,,,,,,,,,,,,,,,,,,,363074545072.389,48359.0011950597,,,100.0
HND,2.427,67.92385378,5186.5303,0.71,67.0,9943633.0,,39.0,27.0,4.0,1.0,0.3418000042438507,0.2616552114486694,0.875,0.306,0.876,1.416394591331482,0.726930559,4.0,2.0,2.0,3.691244355648256,1.115808606147766,0.9047024846076964,0.8437952399253845,10.0,0.7666670083999634,0.3034571647644043,0.043000168800354,0.1800262264656442,24882225741.8119,2502.32744328073,48.2,12.742991,57.73
HRV,1.47,78.94924946,26986.752,5.6,5.0,3949390.0,8.8,82.0,154.0,3.0,1.0,1.406000018119812,0.3123045861721039,1.2068965435028076,1.102,1.934,3.719016551971436,,,,,5.345409975567071,1.683127999305725,1.771326184272766,0.6816145777702332,18.0,0.8000003099441528,,,,61467582193.6824,15563.8167397199,28.9,0.25992584,57.242
HTI,2.919,362.5907112,1546.4222,5.03,349.0,11105163.0,,10.0,26.0,4.0,1.0,-1.15199995,0.2913728058338165,0.5882353186607361,-0.724,-1.61,1.3407549858093262,0.6132298111915588,2.0,1.0,0.0,0.006854303,0.0111571559682488,,0.8875668048858643,3.0,0.4777780175209045,,,0.1340609332363966,15016090929.5125,1352.17204191532,,,56.192
HUN,1.55,110.4606208,29451.855,6.76,14.0,9771141.0,21.09,68.0,210.0,3.0,1.0,1.5169999599456787,0.2841117084026336,1.0,1.395,2.409,3.719016551971436,0.7417882680892944,,,,4.760631678196508,1.5968471765518188,,0.7608461976051331,18.0,0.8555556535720825,0.2613934135437011,0.001517756,0.2603589863140729,164020460331.659,16786.2136399075,30.0,0.30170247,71.644
IDN,2.215,132.410009,12801.671,1.4,158.0,272489381.0,,49.0,56.0,2.0,1.0,0.6743000149726868,0.287265807,0.9210526943206788,0.609,2.123,1.589267611503601,0.6050717234611511,,,,3.414259618351948,1.2849074602127075,,0.6121739745140076,14.0,0.8444446325302124,0.4341484069824218,0.0248014426231384,0.1032803710261045,1119099871385.79,4106.94856173421,35.4,3.3554103,55.985
IMN,1.614,145.3842105,,,,83957.0,,,,,,,,,,,,,,,,,,,,,,,,,7314967866.28289,87127.5517977404,,,52.735
IND,2.109,411.8858869,7765.593,1.62,116.0,1389030312.0,10.6,35.0,39.0,7.0,1.0,0.7670000195503235,0.3120495975017547,1.0,0.247,2.407,1.0600980520248413,0.726930559,,,,3.692679804848696,1.1430246829986572,,0.7142000794410706,12.0,0.7777780294418335,,,,2835606256558.19,2041.42863698585,33.8,13.204494,34.472
IRL,1.71,64.9586297,60257.082,2.91,6.0,4934340.0,5.42,74.0,81.0,3.0,1.0,2.009000062942505,0.3538999855518341,2.058823585510254,2.309,2.154,2.025071620941162,,,,,5.372024467544869,1.083827257156372,,0.7166092395782471,,,0.5321871566772461,0.0,0.1916182186013023,407124824064.995,82508.4659883582,30.8,0.058011558,63.405
IRN,1.77,45.42261521,18473.066,,21.0,87051648.0,27.16,44.0,79.0,5.0,1.0,0.5042999982833862,0.2854408025741577,1.399999976158142,0.506,-1.634,1.4395314455032349,0.5998179316520691,,,,4.911935333985692,2.100797653198242,,0.9920682311058044,14.0,0.7333333492279053,0.512000389,0.1459066295623779,0.071364223,333519146339.191,3831.27894763337,36.5,0.72633666,75.391
IRQ,3.604,73.74976976,13071.94,,73.0,41192171.0,,49.0,80.0,5.0,1.0,-0.632700026,0.2983947098255157,0.9090909361839294,-1.516,-0.291,0.2663106024265289,,,,,5.602089607105592,1.9279444217681885,,0.8076910376548767,5.0,0.5222223401069641,0.5482216644287109,0.2933496284484863,0.012266229,233636097800.338,5671.8568632942,,,70.678
ISL,1.74,3.172069825,42145.594,2.83,3.0,360563.0,4.39,83.0,168.0,3.0,0.0,,,1.3461538553237915,2.308,2.259,3.719016551971436,,,,,0.0,0.5636260509490967,1.085524559020996,0.881928563,,,0.5219155120849609,0.007827966,0.3314141099306892,24681343649.2952,68452.23622306,,,93.855
ISR,3.01,352.310536,36648.918,3.07,3.0,9054000.0,7.7,65.0,169.0,5.0,1.0,1.7549999952316284,0.3625743985176086,0.9090909361839294,1.003,2.353,2.376030921936035,,,,,7.635865578152724,3.183234453201294,,0.6511628031730652,,,0.3901540374755859,0.00952777,0.2589256974537043,399651065197.871,44140.8289372511,38.3,0.725289,92.501
ITA,1.27,205.6265724,36224.293,3.18,5.0,59729081.0,3.68,74.0,82.0,3.0,1.0,1.5210000276565552,0.3436062932014465,0.9722222089767456,1.32,2.308,1.3722038269042969,0.7566459774971008,,,,5.905771892220001,1.930173397064209,1.7175920009613037,0.8670752644538879,,,0.4627211761474609,0.0,0.2981524529320138,2019606796583.53,33812.788724868,34.6,0.9943459,70.736
JAM,1.37,249.4921514,7481.6685,1.71,93.0,2823271.0,,65.0,120.0,4.0,1.0,0.6489999890327454,0.2866654098033905,1.0,1.484,-0.124,1.6032476425170898,,,,,3.780567689523752,0.7854294776916504,1.6543560028076172,0.6234841346740723,14.0,0.7777780294418335,0.3702416610717773,0.07658793,0.2421333690820439,15830766570.7266,5607.24300668501,,,55.985
JOR,2.918,68.11218743,9151.479,1.37,41.0,10671891.0,,43.0,83.0,5.0,1.0,0.4557999968528747,0.3152596056461334,0.9090909361839294,0.394,-1.192,1.9773684740066528,,,,,5.166354671670205,2.600030899047852,,0.6511628031730652,,0.7444446682929993,0.209614028930664,0.081248016,0.1537748244922476,44503006338.0282,4170.1144003465,,,91.203
JPN,1.36,349.659808,38268.79,12.72,4.0,126633000.0,2.73,84.0,9.0,2.0,1.0,1.7680000066757202,0.3130797147750854,2.0,1.994,2.217,2.257129192352295,0.7944921851158142,,,,5.799068801378116,1.1085373163223269,,0.9901893734931946,12.0,,0.5231752014160156,0.01126635,0.1869014339664186,5117993853016.51,40415.9567649547,,,91.698
KAZ,2.9,6.046227359,26491.857,6.72,14.0,19209555.0,23.2,60.0,121.0,3.0,1.0,0.8112999796867371,0.2880206108093261,0.9090909361839294,-0.606,0.424,3.023341417312622,,,,,4.765982238125765,1.6118474006652832,1.2431843280792236,0.6187590956687927,17.0,0.8999999761581421,0.485201416,0.2181652641296386,0.1244125500069166,181667184854.501,9457.12614657136,28.0,0.016059816,57.54
KEN,3.469,71.18283726,3403.9238,,503.0,51202827.0,51.32,46.0,40.0,8.0,1.0,-0.07886,0.2767319083213806,1.0,-0.498,0.536,1.1442981958389282,,4.0,3.0,3.0,2.9242940042537224,0.4748608767986297,0.6125792264938354,0.3860465288162231,9.0,0.5444443225860596,0.4983959579467773,0.098904858,0.1641286091512601,100378436207.371,1960.40808854893,,,27.507
KGZ,3.3,28.40458811,5304.841,4.19,47.0,6590211.0,36.56,51.0,122.0,3.0,1.0,0.2239000052213668,0.2861293852329254,0.9090909361839294,-0.279,-0.991,1.7848848104476929,,4.0,2.0,2.0,3.0269548246024205,1.48689067363739,,0.5282174348831177,13.0,0.8222223520278931,0.2571989250183105,0.1143959426879882,0.1966486948563146,9371275264.36735,1421.99927504102,29.7,0.65906364,36.591
KHM,2.402,80.0985724,3944.2468,,214.0,16481304.0,50.56,24.0,55.0,2.0,1.0,-0.055119999,0.2933954894542694,0.4347825944423675,-1.203,-0.566,1.587055802345276,,3.0,1.0,2.0,3.088808228428288,2.5896337032318115,,0.7575739026069641,14.0,0.7666666507720947,0.2371202850341797,0.1836841964721679,0.1416823794396043,36685356407.7206,2225.87705485686,,,23.805
KIR,3.368,123.4567901,,,108.0,123921.0,,91.0,,,,,,,,,,,,,,,,,,,,,,,216985362.338171,1750.99750920482,27.8,1.6780767,54.835
KNA,1.568,200.0,,,,46952.0,,49.0,,,,,,,,,,,,,,,,,,,,,,,1107855555.55556,23595.4923231291,,,30.799
KOR,0.918,503.3470649,41320.9,,6.0,51764822.0,0.84,58.0,42.0,2.0,1.0,1.9609999656677248,0.3149155974388122,2.0,1.709,2.423,3.118134021759033,0.7417882680892944,,,,6.580042582130417,2.6015396118164062,,0.8836820125579834,18.0,,0.4124764251708984,0.030834472,0.1846816610883575,1651422932447.77,31902.4169048194,33.2,0.0,81.43
KWT,2.159,153.5353535,71533.516,2.35,7.0,4442316.0,5.56,88.0,171.0,5.0,1.0,0.2707000076770782,0.3359158933162689,1.6666666269302368,-0.317,-0.231,2.025071620941162,,,,,7.310712018,1.930388331413269,,0.77062881,18.0,,0.0,0.6680672454833985,0.0116567098936325,140856394870.02,31707.8737464917,,,100.0
LAO,2.571,26.86741768,7168.1904,1.27,153.0,7237636.0,,37.0,123.0,2.0,1.0,0.2660999894142151,0.2962779998779297,0.9090909361839294,-1.397,0.943,1.9773684740066528,,4.0,2.0,2.0,,3.003254175186157,,0.7258417010307312,16.0,0.711111307,0.1857142829895019,0.092857141,0.137564338862721,18740561512.5555,2589.32081035237,,,35.645
LBN,2.13,413.1964809,10341.159,2.73,20.0,5794594.0,,49.0,44.0,5.0,1.0,0.024779999628663,0.2993828952312469,0.1408450752496719,-0.406,0.275,0.7849208116531372,,,,,5.840065902064918,2.583704710006714,,0.6674418449401855,6.0,0.6555553674697876,0.2848869705200195,0.070384736,0.1323420006875035,51605959131.2741,8905.88005497437,,,88.758
LBR,4.257,41.46594684,811.2146,,668.0,5043721.0,,16.0,86.0,8.0,1.0,-0.513400018,0.2868332862854004,0.5882353186607361,-0.594,0.08,1.4118300676345823,0.4612542986869812,3.0,1.0,2.0,1.4607263162304949,0.3773292601108551,,0.5694574117660522,14.0,0.5111110210418701,,,0.1810598626104024,3319596500.0,658.164180770507,,,51.615
LBY,2.539,3.611739432,12755.204,,72.0,6951033.0,,71.0,124.0,5.0,1.0,-1.351999998,0.3330695033073425,0.9090909361839294,-1.985,-0.937,-0.10988573,0.5403871536254883,,,,,,,0.6533128023147583,3.0,0.2222220003604889,,,,69254496471.6938,9963.19489084483,,,80.393
LCA,1.424,285.2459016,10452.165,,72.0,177661.0,,50.0,,4.0,0.0,,,1.014492750167847,,,,,2.0,3.0,3.0,,,,,,0.6111109852790833,,,,2095370370.37037,11794.2056521711,,,18.754
LIE,1.48,225.2,,,,38563.0,3.1,,,,,,,,,,,,,,,,,,,,,,,,6436467007.11932,166907.839305016,,,14.371
LKA,2.019,332.6423218,10705.481,4.02,30.0,21803000.0,,47.0,131.0,7.0,1.0,0.3370999991893768,0.2715862989425659,0.9090909361839294,-0.561,-0.82,2.575829267501831,,5.0,2.0,2.0,4.599400774,2.616236448287964,,0.6591776609420776,16.0,0.7333333492279053,0.1936910438537597,0.1801537132263183,0.1212246164960163,89014978344.1404,4082.69404871533,37.7,0.95861256,18.585
LSO,3.094,71.5085639,2312.9583,,629.0,2209405.0,,31.0,85.0,8.0,1.0,0.080530003,0.2946672141551971,1.044776201248169,0.109,-0.038,0.7995009422302246,,3.0,2.0,3.0,3.1082603853946003,0.6787135601043701,,0.5421189069747925,11.0,0.6555560231208801,0.2807880592346191,0.5123540878295898,0.427049642,2390702295.82777,1082.05706777516,,,28.585
LTU,1.61,52.4493378,30863.32,5.96,7.0,2794137.0,10.06,65.0,173.0,3.0,1.0,1.4880000352859497,0.3228135108947754,0.985915482,1.675,2.369,3.719016551971436,,,,,5.085888714438524,2.366758108139038,1.4103041887283323,0.6621450781822205,18.0,,0.3128537940979004,0.0,0.1723910422972864,55122066225.796,19727.7607453736,35.3,0.54792964,67.855
LUX,1.34,195.7528958,55484.777,4.19,6.0,620001.0,3.98,86.0,174.0,3.0,0.0,,,1.2068965435028076,3.155,1.353,3.719016551971436,,,,,6.190829402287371,1.29382586479187,,,,,0.537471924,0.0,0.2541635816932208,69890505323.5842,112726.439672814,34.2,0.101187475,91.223
LVA,1.61,36.00836282,27220.303,5.3,22.0,1913822.0,12.55,60.0,84.0,3.0,1.0,1.4739999771118164,0.3223333060741424,0.9090909361839294,2.293,2.067,2.383690834,,,,,4.959402570104785,1.296941161155701,1.6946152448654177,0.614926815,18.0,,0.3645291900634765,0.0004394529387354851,0.2063763952724885,33099503950.847,17294.9751600969,34.5,0.2391008,68.222
MAC,1.077,19428.57143,,,,672000.0,1.33,,,,,,,,,,,,,,,,,,,,,,,,55082293844.1008,81967.699172769,,,100.0
MAF,2.485,555.7904412,,,,34267.0,26.74,,,,,,,,,,,,,,,,,,,,,,,,652206037.103874,19033.0649634889,,,
MAR,2.382,71.59085817,8400.127,0.73,76.0,36210898.0,,41.0,90.0,5.0,1.0,0.7203999757766724,0.2879574000835418,0.9722222089767456,-0.327,-0.123,1.4050716161727903,0.6146756410598755,,,,4.556904218987583,2.090753555297852,,0.8489939570426941,14.0,0.8111112713813782,0.3769083786010742,0.038645039,0.2133934961816206,128920266409.458,3508.09765625,,,62.994
MCO,,17703.5,,,,38109.0,,86.0,,,,,,,,,,,,,,,,,,,,,,,7383496254.23721,193746.785647412,,,100.0
MDA,1.78,123.9948481,6674.871,,12.0,2664224.0,28.51,60.0,126.0,3.0,1.0,0.590399981,0.2656461894512176,0.9722222089767456,0.507,0.947,1.072846531867981,,5.0,3.0,2.0,1.8965481610307584,1.048972249031067,,0.5557440519332886,10.0,0.9555556774139404,0.2086006355285644,0.049891825,0.2172237951094539,11736797054.6965,4405.33418162155,26.0,0.02864514,42.726
MDG,3.978,35.61921794,1367.0938,,398.0,28219554.0,143.01,22.0,125.0,8.0,1.0,-0.638100028,0.2764632105827331,0.2857142984867096,-1.827,-0.249,1.0122469663619995,0.4660985767841339,2.0,1.0,2.0,1.233089858921115,0.6372680068016052,0.2936534881591797,0.7305750250816345,12.0,0.5888890027999878,0.2378527450561523,0.153207778930664,0.1039448946659413,14104664678.5063,499.818837622534,,,37.861
MDV,1.736,1053.333333,,5.04,50.0,487731.0,5.12,78.0,88.0,7.0,0.0,,,1.4893616437911987,-1.401,1.152,2.6283507347106934,,2.0,2.0,3.0,,,,,,0.5555553436279297,,,,5726094799.37709,11740.2724029785,29.3,0.0,40.238
MEX,1.916,58.34666529,16235.455,,58.0,125762982.0,50.67,49.0,3.0,4.0,1.0,0.6593000292778015,0.2873230874538421,1.4893616437911987,0.121,1.064,1.1056454181671145,0.7417882680892944,,,,3.826000585520853,1.323810338973999,1.388703227043152,0.8799177408218384,8.0,0.922222376,0.5183565139770507,0.0191081964969635,0.1301369006942337,1304106203694.81,10369.5553568761,,,80.444
MHL,2.824,300.2111111,,,,44007.0,,44.0,,,,,,,,,,,,,,,,,,,,,,,232900000.0,5292.33985502306,35.5,0.85434437,77.417
MKD,1.34,81.68120539,14050.995,4.22,3.0,1876262.0,15.58,60.0,176.0,3.0,1.0,0.7168999910354614,0.313144714,1.25,-0.442,1.489,1.6341850757598877,,,,,3.893542085363767,2.140348196029663,,0.5616244673728943,16.0,0.8333333730697632,0.2680301475524902,0.04628633,0.1664158784752078,12606338448.547,6718.85826635458,33.5,2.6633506,58.208
MLI,6.103,12.59639892,1651.9413,,428.0,21068405.0,144.27,29.0,28.0,8.0,1.0,-0.165000007,0.2819910049438476,0.5882353186607361,0.236,1.187,0.7022873163223267,,4.0,1.0,2.0,2.9300691243622072,0.6450210213661194,,0.6963197588920593,6.0,0.6555556654930115,0.2757211494445801,0.1445463848114013,0.1266109664456416,17280250810.0321,820.197390833912,,,43.136
MLT,1.14,1300.0,34496.34,,4.0,504062.0,12.04,63.0,178.0,5.0,0.0,,,1.1290322542190552,1.262,2.098,3.719016551971436,,,,,4.791387599922324,1.7771239280700684,1.818721294403076,,,,0.4861190795898437,0.0,0.2631573954290642,16337793530.7788,32412.2697818499,31.0,0.30468178,94.678
MMR,2.2,73.39178602,5177.4326,,213.0,52640713.0,,16.0,10.0,2.0,1.0,-0.302599996,0.2731930017471313,0.3626942932605743,0.035,0.395,0.7279241681098938,0.4769863188266754,4.0,1.0,2.0,3.900957975250538,2.374222040176392,0.8749582171440125,0.7323088049888611,6.0,0.5555553436279297,0.3742337417602539,0.1055801582336425,0.074759072,75065106227.6892,1425.98954211903,,,30.852
MNE,1.77,46.98884758,20941.805,3.81,6.0,622028.0,11.44,61.0,183.0,3.0,1.0,1.0,0.3319317996501922,1.25,0.437,1.302,3.719016551971436,0.521559477,,,,4.518981944970508,3.0066633224487305,2.0036375522613525,0.8211223483085632,18.0,0.7222223877906799,,,,5542054181.12616,8909.6538759126,35.7,1.9976742,67.15
MNG,2.937,1.773990062,13442.906,8.22,40.0,3267673.0,30.51,47.0,89.0,2.0,1.0,0.6489999890327454,0.2704794108867645,1.0,0.689,0.176,2.1019232273101807,,4.0,3.0,2.0,3.5533101401865363,1.9222586154937744,,0.7815583944320679,17.0,0.7444443702697754,0.3386328506469727,0.092723827,0.149455948,14206359017.5143,4347.54610314873,,,68.543
MNP,,132.4282609,,,,48129.0,,,,,,,,,,,,,,,,,,,,,,,,,1179000000.0,24496.6652122421,,,91.708
MOZ,4.783,29.74388972,1087.836,0.7,150.0,29884380.0,,23.0,57.0,8.0,1.0,0.1894000023603439,0.2667357921600342,0.9090909361839294,-0.162,0.002,1.1564429998397827,,5.0,2.0,3.0,1.784483361,0.3465431630611419,,0.635140598,11.0,0.7222223877906799,0.4199066925048828,0.094867811,0.2172209234760752,15512759046.672,519.09255091362,50.3,74.52835,36.528
MRT,4.521,3.356941884,3680.3662,3.64,431.0,4467708.0,89.64,36.0,65.0,8.0,1.0,-0.164199993,0.3059087097644806,0.7070707082748413,-1.659,-0.221,0.9384757280349731,,3.0,2.0,3.0,3.522012965263666,1.816915512084961,,0.6560730338096619,13.0,0.6666670441627502,,,0.156533521819409,7894764885.82312,1767.072710621,32.0,5.354673,54.507
MUS,1.4,631.0344828,20643.094,,49.0,1265985.0,23.23,44.0,180.0,8.0,1.0,0.9300000071525574,0.3140316009521484,0.985915482,1.052,1.903,1.043622612953186,,,,,2.678734293409009,1.1068059206008911,,0.55371809,18.0,0.9333336353302002,0.2423590660095214,0.0172468733787536,0.1866450576900201,14436346979.6355,11403.2527870674,,,40.766
MWI,4.072,158.0504879,1190.0509,,370.0,19025752.0,,24.0,87.0,8.0,1.0,0.2014999985694885,0.2688721120357513,0.7142857313156128,0.075,-0.908,2.2074878215789795,,3.0,1.0,3.0,1.2343401994733203,0.3408085107803345,,0.7316892743110657,16.0,0.7555556297302246,0.4865313339233398,0.09527276,0.1516095049746794,11051865579.8121,580.889816066776,38.5,70.0606,17.174
MYS,1.834,86.4434637,26628.707,,22.0,33440596.0,8.5,52.0,177.0,2.0,1.0,0.8116999864578247,0.2869133949279785,0.7446808218955994,-0.159,0.436,2.189231634140014,,,,,5.015402105636585,1.6888903379440308,,0.6763500571250916,17.0,0.7444443702697754,0.6138683700561524,0.022793624,0.142902059,365177721021.516,10920.191763972,,,76.607
NAM,3.404,2.773020442,7979.328,,223.0,2650494.0,,43.0,127.0,8.0,1.0,0.6550999879837036,0.2944015860557556,0.9333333373069764,1.442,1.28,1.9188761711120603,,,,,5.415458673454139,2.0236852169036865,,0.3281215727329254,16.0,0.4777780175209045,0.3894116973876953,0.3556071472167968,0.3305646366881919,12541928303.48,4731.9210318831,,,51.042
NCL,2.1,13.51203501,,,,283606.0,12.52,,,,,,,,,,,,,,,,,,,,,,,,9475655324.59495,33411.3358835672,,,71.104
NER,6.961,12.24599353,1007.72095,0.27,410.0,22947757.0,149.59,36.0,60.0,8.0,1.0,0.048149999,0.2828728854656219,0.6930692791938782,0.926,0.218,0.4460515677928924,,4.0,2.0,2.0,,0.4285013973712921,,0.7670788764953613,11.0,0.711111307,0.2588358870520562,0.1318586254119873,0.1618400001525879,12889555561.2299,561.691304349698,,,16.517
NGA,5.379,173.9440254,5070.4927,,1122.0,209485641.0,80.95,16.0,45.0,8.0,1.0,-0.389999986,0.299930215,0.4347825944423675,-0.177,0.409,1.273445487,,3.0,1.0,1.0,2.517959421246088,0.7439039349555969,,0.7149775624275208,6.0,0.7111110091209412,,,,474517490844.461,2265.15520863056,,,51.157
NIC,2.377,48.10536812,5092.8413,0.94,75.0,6483657.0,,62.0,59.0,4.0,1.0,0.1351999938488006,0.2682301998138428,0.7142857313156128,-0.122,-1.096,0.9180742502212524,0.577134371,4.0,2.0,3.0,2.8271569772260503,1.074407696723938,,0.77233994,12.0,0.699999988,0.3842727279663085,0.041353111,0.1781091857955144,12699028889.666,1958.62132892996,,,58.76
NLD,1.57,492.6178476,49669.867,2.91,4.0,17344874.0,2.45,66.0,91.0,3.0,1.0,2.213000059127808,0.3466637134552002,0.9589040875434875,2.005,2.321,3.719016551971436,0.8200467824935913,,,,6.239739615880115,1.235129475593567,1.3823606967926023,0.98216182,,,0.4548168182373047,0.0,0.2389895906046961,928903005576.469,53554.9007491475,29.2,0.0957287,91.876
NOR,1.53,16.00484499,88366.22,3.4,2.0,5347896.0,2.26,86.0,186.0,3.0,1.0,2.5269999504089355,0.3461064994335174,1.4893616437911987,2.981,2.347,3.719016551971436,0.8051890730857849,,,,7.020503722012746,1.7575538158416748,,0.8357422351837158,,,0.5059385299682617,0.004523145,0.2541734644582692,408742840909.091,76430.5889473338,27.7,0.15653396,82.616
NPL,2.08,208.9919777,3013.5178,0.28,182.0,28414064.0,76.43,25.0,58.0,7.0,1.0,-0.027389999,0.2888506054878235,1.0,-0.056,-0.977,0.9015800356864928,0.5849602222442627,3.0,2.0,2.0,2.563859152526074,1.9272812604904173,,0.9620231986045836,10.0,0.7222223877906799,0.2420838356018066,0.2102709579467773,0.1678603937867878,34186180699.0255,1203.14294706401,,,20.153
NRU,3.618,,,,,11587.0,,89.0,,,,,,,,,,,,,,,,,,,,,,,124871111.377973,10776.8284610316,,,100.0
NZL,1.72,16.58881167,38250.12,2.51,7.0,4979200.0,12.8,76.0,185.0,2.0,1.0,2.234999895095825,0.3487879037857055,1.7073169946670532,2.628,2.294,3.719016551971436,0.5701025128364563,,,,6.045540195405914,1.0782487392425537,,0.5542635917663574,,,0.5531219100952148,0.0281258797645568,0.3299462841483673,212846907683.439,42747.2099299966,,,86.615
OMN,2.776,8.991922456,47988.65,1.16,16.0,4591241.0,8.23,88.0,187.0,5.0,1.0,1.2020000219345093,0.3540123999118805,0.4827586412429809,0.632,0.222,2.4007837772369385,,,,,7.476697033755802,2.486063003540039,,0.9338986873626708,18.0,,,,,88060858257.4772,19180.1864152801,,,85.443
PAK,3.62,225.1880967,5531.723,,179.0,230800899.0,,33.0,29.0,7.0,1.0,0.0123699996620416,0.2969217896461487,0.9090909361839294,-1.681,1.199,1.1749868392944336,,4.0,3.0,1.0,3.8826696664257145,1.7391399145126345,,0.772068202,5.0,0.7555556297302246,,,,320909472770.669,1390.41690981745,,,36.907
PAN,2.375,47.30965833,23557.02,1.92,51.0,4234700.0,68.65,57.0,92.0,4.0,1.0,0.4129999876022339,0.2918302118778229,0.9210526943206788,1.452,0.434,1.0407319068908691,,,,,0.0,1.880421757698059,,0.7365332245826721,15.0,0.7888889908790588,0.5051546478271485,0.07216495,0.097,69778991200.0,16477.9066285687,49.8,1.0040996,68.059
PER,2.242,22.715625,12762.967,1.64,72.0,32449303.0,39.41,63.0,30.0,4.0,1.0,0.7907000184059143,0.2843289077281952,0.9090909361839294,0.883,0.138,1.1650469303131104,0.7944921851158142,,,,4.697762901666944,1.8221758604049685,1.502607822418213,0.8838841319084167,10.0,0.9333333373069764,0.3853030395507812,0.0196783697605133,0.1471579226541407,228346006003.648,7037.00803692604,41.5,2.9770849,78.099
PHL,2.805,312.7779455,8370.666,0.99,81.0,110804683.0,,41.0,46.0,2.0,1.0,0.7146000266075134,0.2902672886848449,2.058823585510254,0.075,1.967,1.4360082149505615,,,,,3.516465172632296,0.9634606242179872,,0.7033475041389465,12.0,0.8222219944000244,0.4661044692993164,0.2024450874328613,0.1364264143510991,376823402244.928,3400.78949772302,,,47.149
PLW,,44.50434783,,,,17798.0,34.47,47.0,,,,,,,,,,,,,,,,,,,,,,,281941562.5,15841.1935329812,,,80.47
PNG,3.322,15.14375304,,,190.0,9609010.0,,58.0,93.0,2.0,1.0,-0.250499994,0.2785758972167969,0.9090909361839294,-0.576,-0.249,1.304685354232788,,3.0,2.0,2.0,2.5888303633363283,0.2105388939380645,,0.3313953578472137,9.0,0.455555647611618,0.6746794891357422,0.064674907,0.1479699859414963,24750626040.5917,2575.77274251891,,,13.25
POL,1.44,125.5226824,32468.402,6.11,2.0,37965475.0,9.4,71.0,17.0,3.0,1.0,1.4279999732971191,0.2857491075992584,1.2068965435028076,1.295,2.288,1.8339595794677732,0.7944921851158142,,,,5.596630472638118,1.7121145725250244,1.2700936794281006,0.7398378252983093,18.0,0.8555556535720825,0.3288846588134765,0.0,0.197956183110512,602683770144.88,15874.5220531254,28.8,0.06276072,60.037
PRI,0.982,448.4780158,35280.668,,21.0,3193694.0,19.5,,,,,,,,,,,,,,,,,,,,,,,,105126400000.0,32916.866800639,,,93.576
PRK,1.84,202.1925089,1568.847,,106.0,26037632.0,,,41.0,2.0,1.0,0.1978999972343444,0.3686543107032776,0.2857142984867096,-1.882,0.051,1.5229148864746094,,,,,3.570413072481041,4.021009445,,0.8221222758293152,18.0,,,,,,,,,62.134
PRT,1.43,116.3004264,28992.059,3.53,11.0,10286263.0,7.63,61.0,21.0,3.0,1.0,1.7710000276565552,0.3463701903820038,1.0,1.754,2.285,3.0591042041778564,0.5998179316520691,,,,5.843183679989609,2.0916824340820317,1.7096178531646729,0.986026644706726,,,0.456702766418457,4.22901997808367e-06,0.2291650050128105,240115970063.019,23343.3628970034,32.8,0.14872062,65.764
PRY,2.525,16.2446514,8762.771,1.01,70.0,6515058.0,,46.0,189.0,4.0,1.0,0.12219999730587,0.2888574004173279,1.0,-0.082,0.839,0.9106116890907288,0.5849602222442627,,,,4.073962192575023,1.569635987281799,1.2369389533996582,0.8830298185348511,10.0,0.7222223877906799,0.2151026916503906,0.091828508,0.1282532493879019,37925338329.1494,5821.18199548637,45.7,1.0115106,61.879
PSE,3.642,689.7009967,4775.202,,20.0,4685306.0,,40.0,,,,,,,,,,,,,,,,,,,,,,,17133500000.0,3656.85827137011,,,76.44
PYF,1.712,74.04371585,,,,279034.0,27.97,,,,,,,,,,,,,,,,,,,,,,,,6022276196.13871,21582.5892046801,,,61.897
QAT,1.834,151.7687662,149171.11,,7.0,2638657.0,8.23,85.0,94.0,5.0,1.0,0.9509000182151794,0.3786194026470184,1.7073169946670532,0.262,-0.136,1.9188761711120603,,,,,,1.722609519958496,,0.676313579,18.0,,,,,176371267689.082,66841.3013472693,,,99.188
ROU,1.77,93.18438668,26197.904,7.06,10.0,19371648.0,35.88,80.0,190.0,3.0,1.0,1.0160000324249268,0.3089460134506225,1.029411792755127,0.316,1.693,2.6520698070526123,0.726930559,,,,4.871482091434846,2.145725011825561,1.3030749559402466,0.7155935168266296,,0.8222223520278931,0.3113029670715332,0.001771879,0.199208132,251677082534.495,12992.0326104674,34.8,2.1640766,54.084
RUS,1.504,8.655500105,25437.107,7.08,7.0,145453291.0,14.6,61.0,11.0,3.0,1.0,0.6463000178337097,0.285027801990509,0.9459459781646729,-0.926,-0.311,2.5295772552490234,0.7417882680892944,,,,6.129278136,2.4227583408355717,1.7524479627609253,0.88012296,14.0,0.8111112713813782,0.3666044998168945,0.2135416603088379,0.1863977335803519,1693115002708.32,11447.701171875,35.7,0.030398078,74.587
RWA,3.939,430.6445075,2198.0662,0.74,281.0,12776103.0,,40.0,129.0,8.0,1.0,0.7527999877929688,0.2773633003234863,0.7142857313156128,2.113,0.12,3.0902323722839355,,5.0,3.0,3.0,2.3134469330946974,1.4057364463806152,,0.8309174180030823,16.0,0.7333336472511292,0.409212532043457,0.078624191,0.1372759240955003,10349300380.33,810.051420243718,,,17.313
SAU,2.504,12.76835265,53516.91,2.18,18.0,30063799.0,,74.0,197.0,5.0,1.0,0.4077999889850616,0.3202139139175415,0.6481481194496155,-0.205,-0.268,2.376030921936035,0.5998179316520691,,,,7.919287117,2.1893415451049805,,0.7388514280319214,12.0,,0.1784378433227539,0.2637085914611816,0.01677516,838564800000.0,27892.8421521179,,,84.065
SDN,4.617,18.32996633,,0.66,298.0,45548175.0,,23.0,33.0,8.0,1.0,-0.88349998,0.2918989062309265,0.7142857313156128,-1.458,-0.514,0.4572379887104034,,2.0,0.0,1.0,4.087616276904323,2.0533323287963867,,0.7198916673660278,4.0,0.5111110210418701,,0.2852458953857422,0.062081585,32338079165.2893,709.975280761719,,,34.936
SEN,4.517,64.58214304,2660.6816,5.35,258.0,16352922.0,67.42,24.0,31.0,8.0,1.0,0.2705999910831451,0.2748607993125915,0.7368420958518982,0.945,-0.691,1.358579158782959,,4.0,3.0,3.0,2.7559507583859126,0.8223561644554138,,0.6518498063087463,12.0,0.7555556297302246,0.2726315116882324,0.1424836826324463,0.1977062705959918,23403995992.1354,1431.18128932159,,,47.653
SGP,1.14,7252.857143,80320.086,2.63,6.0,5703569.0,3.3,52.0,200.0,2.0,1.0,1.6720000505447388,0.3230274021625519,1.0,2.262,1.202,2.713383436203003,,,,,7.425976525129952,3.310330390930176,0.9848652482032776,0.6995847225189209,18.0,,0.4472867584228515,0.0,0.1363580227249894,376901649222.451,66081.7199235165,,,100.0
SLB,4.104,19.22115041,,,127.0,728147.0,,73.0,203.0,2.0,1.0,-0.70569998,0.3296481072902679,0.1408450752496719,-0.154,-0.858,0.9394494891166688,,2.0,0.0,1.0,,,,,,0.4888886511325836,0.3585391616821289,0.4107589340209961,0.291555273,1619155017.3924,2223.66502559565,,,24.21
SLE,4.192,81.91845853,1690.4982,,435.0,7731991.0,,14.0,95.0,8.0,1.0,-0.070210002,0.2735975980758667,0.875,0.133,-0.874,2.108358383178711,,4.0,2.0,1.0,1.8670936098848043,0.7816979885101318,,0.4413953721523285,14.0,0.633333683,0.4302884674072265,0.1576923084259033,0.090209392,6523577590.38319,843.71251730417,,,42.484
SLV,1.838,298.8899614,9218.905,1.08,39.0,6222318.0,,54.0,22.0,4.0,1.0,0.4873000085353851,0.2856289148330688,0.7142857313156128,-0.319,0.733,1.5702369213104248,0.726930559,,,,3.692903998837519,2.023021936416626,1.562201976776123,0.8602198958396912,10.0,0.911111295223236,0.3525532531738281,0.049460744857788,0.151896886,26881140000.0,4320.11671534627,38.8,1.4019152,72.746
SMR,,525.5666667,,,,34663.0,1.23,89.0,,,,,,,,,,,,,,,,,,,,,,,1616232125.12587,46627.0122356944,,,97.368
SOM,6.531,14.87391207,,,606.0,16030971.0,,5.0,130.0,8.0,1.0,-2.095999956,0.3331227898597717,0.2857142984867096,-1.415,-1.257,-0.15731068,,,,,1.4767086214875351,0.8899768590927124,,0.612989068,0.0,0.2000000029802322,,,,8655023960.002,539.893931565468,,,45.554
SRB,1.52,83.36382346,17097.686,5.35,10.0,6945235.0,13.64,58.0,198.0,3.0,1.0,0.888700008,0.2918030023574829,1.2280701398849487,-0.146,0.617,1.4946722984313965,,,,,4.635307365,1.6028902530670166,1.7567142248153689,0.8211223483085632,16.0,0.8999999761581421,0.2194357299804687,0.0344827580451965,0.2366780199571259,53864693664.5568,7755.632986437,34.5,2.3344426,56.26
SSD,4.619,,,,1245.0,10423384.0,,11.0,32.0,8.0,1.0,-1.368000031,0.3291442990303039,,-2.095,-1.123,0.2447371035814285,,0.0,0.0,2.0,4.686739205945025,2.904957056045532,,0.6071009635925293,6.0,0.3444446623325348,,,0.082957781,,,,,19.899
STP,3.964,171.875,3751.6428,,142.0,213392.0,,41.0,,,,,,,,,,,,,,,,,,,,,,,412976082.620705,1935.2931816596,,,73.598
SUR,2.394,3.365384615,,2.89,100.0,605768.0,50.22,71.0,4.0,4.0,1.0,-0.087619998,0.3437305092811584,1.029411792755127,-0.087,-0.445,0.9674082398414612,,,,,,1.497307538986206,,,,0.6222226619720459,,,0.1542384066230727,4016040575.08796,6629.66775248603,,,66.095
SVK,1.57,112.9132876,27519.287,5.68,5.0,5454147.0,26.88,79.0,201.0,3.0,1.0,1.3969999551773071,0.2925367951393127,1.2068965435028076,0.797,2.141,3.719016551971436,,,,,5.206096281526911,1.3650590181350708,1.6347662210464478,0.5836842656135559,18.0,0.8666666150093079,0.3791257858276367,1.5467629418708385e-06,0.1807596395801032,105843498304.094,19406.0589683582,23.2,0.11811627,53.729
SVN,1.61,101.7378352,32673.762,4.25,3.0,2088385.0,4.57,72.0,202.0,3.0,1.0,1.597000002861023,0.3261797130107879,2.1212120056152344,1.837,1.652,2.432379007339477,,,,,5.270419425789125,1.9978410005569456,1.4590833187103271,0.5616365671157837,18.0,,0.3038651657104492,0.0,0.2179131190044075,53909922735.545,25814.1687167572,24.4,0.0,54.822
SWE,1.71,22.85421845,47126.13,2.05,5.0,10278887.0,3.38,85.0,5.0,3.0,1.0,2.3540000915527344,0.3434383869171142,0.985915482,2.725,2.575,2.713383436203003,0.8200467824935913,,,,6.314778451,1.4179229736328125,1.110274314880371,0.9931250810623168,,,0.4713916778564453,0.0,0.3259533326493034,532169294165.94,51773.0464558993,29.3,0.3165186,87.708
SWZ,2.921,61.39534884,8522.45,,228.0,1179874.0,,52.0,132.0,8.0,1.0,-0.078950003,0.3370828032493591,1.0,-0.956,0.385,1.508525848388672,,,,,4.213593555835722,,,0.6086563467979431,,0.5888890027999878,0.2899231338500976,0.4932394027709961,0.280428666,4594818143.27624,3894.32951592818,,,23.981
SXM,1.601,1113.248771,,,,40385.0,,,,,,,,,,,,,,,,,,,,,,,,,1407880446.92737,34861.469528968,,,100.0
SYC,2.36,189.1304348,31055.39,3.19,3.0,97625.0,69.0,73.0,199.0,8.0,0.0,,,1.25,0.608,0.994,1.644853591918945,,,,,5.255298320461084,2.28684926,,0.5176572203636169,,0.6555553674697876,0.1627559852600097,0.06094069,0.2998746156115346,1868690096.73454,19141.5118743615,,,57.119
SYR,2.835,111.3489081,2494.7612,1.39,33.0,20353534.0,,53.0,97.0,5.0,1.0,-1.202000022,0.3433527946472168,0.7142857313156128,-2.907,-1.798,-0.227544978,,,,,,2.7984321117401123,,0.7035146355628967,1.0,0.4777776598930359,,,,22583045060.0821,1109.53926036049,,,54.821
TCA,1.692,40.37263158,,,,43166.0,17.37,,,,,,,,,,,,,,,,,,,,,,,,1177285211.72521,27273.4376992357,,,93.36
TCD,6.412,8.915978399,1393.5635,,1047.0,16685223.0,,15.0,109.0,8.0,1.0,-0.53490001,0.3119029998779297,0.2857142984867096,-0.843,-0.013,0.8518812656402588,,3.0,1.0,1.0,2.8130298875703788,1.3413084745407104,,0.5348557829856873,12.0,0.6555560231208801,,,0.062866143,11314951091.7283,678.142035723965,,,23.279
TGO,4.385,110.8291965,1586.5889,,418.0,8463068.0,,15.0,134.0,8.0,1.0,-0.193499997,0.2774075865745544,0.5882353186607361,-0.397,1.076,0.7926186919212341,,2.0,1.0,1.0,2.356656109943377,0.8197547793388367,,0.4976314008235931,14.0,0.6555556654930115,0.1860047149658203,0.2303421401977539,0.2140090812632565,6992700101.37188,826.260654099894,,,42.248
THA,1.352,135.2972264,16421.072,2.33,29.0,71522271.0,29.7,72.0,49.0,2.0,1.0,0.5795000195503235,0.2845377027988434,1.0,-2.122,2.123,1.7402222156524658,0.5998179316520691,,,,4.434535993438609,2.030126571655273,1.4431416988372805,0.9963145852088928,11.0,0.8555556535720825,0.3719256591796875,0.041695271,0.176038134891881,543976691793.886,7605.69657797759,34.9,0.0950376,50.692
TJK,3.281,49.14975707,5507.5454,4.36,16.0,9529966.0,41.78,27.0,133.0,3.0,1.0,-0.02922,0.3085572123527527,0.9210526943206788,-1.789,-0.956,1.4395314455032349,,4.0,2.0,1.0,2.511835270510419,1.074345946311951,,0.5581688284873962,14.0,0.8111112713813782,,,0.2242031321019792,8300813599.3084,871.022372934846,,,27.309
TKM,2.74,10.72925755,17234.555,4.09,5.0,6803944.0,,18.0,136.0,3.0,1.0,-0.707099974,0.3667094111442566,0.6034482717514038,-2.143,0.641,2.2164602279663086,,,,,,2.022675037384033,,0.3568311333656311,17.0,0.3333333134651184,,,,45232857142.8571,6648.0348960628,,,52.048
TLS,3.336,75.58843309,,,224.0,1300945.0,,58.0,74.0,2.0,1.0,0.095310003,0.3014315068721771,1.75,0.369,-0.473,1.880793571472168,,3.0,0.0,1.0,3.462436071406249,0.7475249171257019,,0.5738018751144409,,0.6222223043441772,0.8131816101074218,0.1010016727447509,0.041684064,2032550400.0,1562.36458881813,,,30.947
TON,3.315,144.4444444,,,125.0,105669.0,,53.0,,,,,,,,,,,,,,,,,,,,,,,494197841.113077,4676.84790348236,,,23.107
TTO,1.643,261.4035088,25773.006,1.92,26.0,1363985.0,,46.0,135.0,4.0,1.0,0.5713000297546387,0.3058308064937591,0.985915482,0.758,0.802,1.8027976751327517,,,,,5.0005010971438,1.3751040697097778,1.7675185203552246,0.6028392314910889,,0.5666666626930237,0.6880152892286495,0.072201605,0.2778400039672851,23775659262.5735,17431.0269266696,,,53.187
TUN,2.148,67.90036045,10913.846,2.38,40.0,11875081.0,6.2,59.0,98.0,5.0,1.0,0.6241000294685364,0.2858507037162781,1.0,0.123,-0.682,1.368613839149475,0.5849602222442627,,,,4.484263427536844,1.6630754470825195,,0.7549247741699219,12.0,0.7666673064231873,0.4249964713291697,0.0530484056472778,0.2133900070190429,41905642418.825,3528.87213306798,,,69.254
TUR,1.967,94.52853969,27361.988,2.99,17.0,82579440.0,17.33,78.0,99.0,3.0,1.0,1.003999948501587,0.2894425988197326,1.9444444179534912,-0.762,1.735,1.5141018629074097,0.8051890730857849,,,,5.3009496511422425,2.0175461769104004,,0.9956039786338806,14.0,0.8222223520278931,0.286319522857666,0.020400648,0.1780138368277626,761005915750.925,9215.44049888114,43.8,0.45154127,75.63
TUV,3.199,327.5666667,,,,10581.0,,78.0,,,,,,,,,,,,,,,,,,,,,,,54123198.5662913,5115.13075950206,,,63.215
TZA,4.864,50.62203658,3057.3286,0.63,262.0,59174891.0,116.35,41.0,47.0,8.0,1.0,0.3776000142097473,0.2655090093612671,1.0,0.245,0.518,1.5981931686401367,,3.0,2.0,3.0,2.4018594094182872,0.4393138885498047,0.6155610680580139,0.4785976111888885,13.0,0.755556047,0.3684809875488281,0.085475941,0.1089499961816427,61026731925.9213,1063.32250976563,,,34.5
UGA,4.809,167.278915,2122.0278,,292.0,42999637.0,,15.0,50.0,8.0,1.0,0.3691000044345855,0.2753643989562988,0.8974358439445496,-0.093,1.675,1.7013355493545532,,4.0,2.0,2.0,2.198203168530946,0.7947335243225098,,0.7191182971000671,14.0,0.7222226858139038,0.3565290451049804,0.087822256,0.1172581913547017,35348155095.4215,822.057058189153,42.7,42.11563,24.361
UKR,1.228,79.18076365,7749.0996,6.26,9.0,44957458.0,15.53,45.0,100.0,3.0,1.0,0.3095000088214874,0.298271507,0.7142857313156128,-1.268,-1.411,0.7554150223731995,,,,,4.202947886481858,1.901930332183838,,0.554979146,12.0,0.9111109972000122,0.2808805084228515,0.082642765,0.2489266518618647,153883047509.577,3619.86157226563,26.6,0.0,69.473
URY,1.546,19.18066507,20181.94,2.49,20.0,3397206.0,32.95,67.0,102.0,4.0,1.0,1.2929999828338623,0.2795934081077575,1.014492750167847,2.633,1.864,1.997969150543213,0.7417882680892944,,,,5.653409295394519,2.135223865509033,2.049834012985229,0.8217629194259644,18.0,0.8888887166976929,0.3079975700378418,0.0572989034652709,0.1845129626275962,62222325807.0578,18315.7352857194,39.7,0.102072,95.426
USA,1.706,33.81816949,58487.465,2.74,20.0,328329953.0,16.04,52.0,20.0,6.0,1.0,1.8600000143051147,0.3489109873771667,1.0,2.279,2.588,2.014090776443481,0.5701025128364563,,,,7.588979653337339,1.648425579071045,1.0905344486236572,0.8164705038070679,,,0.636924057,0.0105141639709472,0.200100769,21539982000000.0,65604.6815198734,41.5,0.99917054,82.459
UZB,2.785,66.35637047,12559.401,4.78,30.0,32964701.0,2.03,42.0,140.0,3.0,1.0,-0.079549998,0.295794815,0.5882353186607361,-0.941,0.327,2.286586046218872,0.2387198358774185,5.0,2.0,3.0,,1.1626957654953003,,0.6920129656791687,14.0,0.511111319,0.313354435,0.1554838848114013,0.2493311310623349,67293639798.3996,2041.38480729431,,,50.433
VCT,1.838,279.4871795,,,65.0,104167.0,55.2,67.0,,,,,,,,,,,,,,,,,,,,,,,910766666.666667,8743.33202133753,,,52.614
VEN,2.25,32.68975682,5267.1753,0.99,177.0,28938098.0,76.13,37.0,51.0,4.0,1.0,-0.02595,0.2919946908950805,1.0,-1.217,-0.154,0.8656903505325317,0.6080689430236816,,,,2.455784589857897,2.2833313941955566,,0.8656600713729858,10.0,0.8222223520278931,0.2021282005310058,0.084084873,0.1949262754073221,,,,,88.24
VGB,0.948,,,,,36395.0,,,,,,,,,,,,,,,,,,,,,,,,,,,,,48.116
VIR,2.05,314.2857143,,,,106669.0,,,,,,,,,,,,,,,,,,,,,,,,,4121000000.0,38633.5298915336,,,95.832
VNM,1.948,280.3495985,8050.359,,50.0,97173776.0,24.23,41.0,34.0,2.0,1.0,0.7556999921798706,0.2724407911300659,0.7142857313156128,0.528,1.154,1.2815515995025637,,4.0,3.0,3.0,3.9166424785213887,1.8919758796691892,,0.7585721611976624,18.0,0.8222223520278931,,,0.1659963883159322,334365270496.667,3440.90025375434,,,36.628
VUT,3.813,19.68826907,,,93.0,291985.0,,54.0,206.0,2.0,0.0,,,0.7142857313156128,0.8,-0.105,1.6133891344070437,,4.0,2.0,2.0,,,,,,0.455555647611618,0.0,0.2190218544006347,0.161104589,936526267.622513,3207.44650452083,32.3,9.963333,25.394
WSM,4.047,65.01766784,,,66.0,209780.0,,77.0,,2.0,0.0,,,2.0,,,,,5.0,4.0,4.0,,,,,,0.5333336591720581,0.242939453,0.1132898139953613,0.2267944285736275,912950466.064906,4351.94234943706,,,18.056
XKX,1.546,,,,,1788891.0,,,,,,,,,,,,,,,,,,,,,,,,,7899737577.47286,4415.99716107514,,,
YEM,3.963,45.55751274,1959.3195,,181.0,35111408.0,,8.0,14.0,5.0,1.0,-1.442000031,0.3121665120124817,0.2857142984867096,-3.149,-1.712,-0.136507615,0.4868890941143036,3.0,1.0,1.0,,0.5623419880867004,,0.5435992479324341,4.0,0.5555559992790222,,,,,623.376164898164,,,37.273
ZAF,2.475,41.16281176,11415.887,,118.0,59587885.0,,58.0,8.0,8.0,1.0,0.8833000063896179,0.2882131934165954,1.3461538553237915,0.757,2.149,1.644853591918945,,,,,4.158749552,0.9095548391342164,,0.6370657682418823,12.0,0.8111109733581543,0.5194963836669921,0.0392324018478393,0.2910345217569698,389330032224.269,6533.71121032856,,,66.856
ZMB,4.451,17.38925732,3342.4214,,129.0,18513839.0,,33.0,61.0,8.0,1.0,0.3531999886035919,0.2672829031944275,1.0,0.075,1.443,1.5792444944381714,,4.0,2.0,2.0,3.1968268307267502,0.7125006914138794,,0.5798450112342834,16.0,0.6000003218650818,0.4657065200805664,0.099657736,0.1226790125476467,23308667781.2258,1258.98619844462,,,44.072
ZWE,3.599,32.49579941,1703.5294,,393.0,15271368.0,,14.0,62.0,8.0,1.0,0.2964999973773956,0.2747896015644073,0.9459459781646729,-1.108,1.175,2.5295772552490234,,4.0,1.0,3.0,3.3416775215437555,1.5427119731903076,,0.5271317958831787,14.0,0.6222220063209534,0.3359639358520507,0.097237883,0.2503704749135558,25717409842.4479,1684.02790388182,50.3,39.75453,32.21
